ID,Target
MzQuRiUbPFsq6Azy,by thes pnts to payor coise to be bill and tis by fard and dteced ant oensetes
1LrXN25dFz88Spt3,mecsares menconed and expressto errle acheanes sitresante
voWkMuyhO8FAlLr5,An afised osa sa sand acch
iQqdWwQ7uXrATwei,"conginge , w^t all Matirsall and meceffaryes to the"
fdbPL2qsoaciDFoi,A t Bepsidec acans in ser me seeds Memte
nEnN2tNfiPuI0eKo,John Heann hi hegres Ececut adm or Asignes
Z7TfVaawKoiQZOO7,"Ine sneale table &tbenches, &^ one table Conges benches soe"
WhALleExeDgpxSQj,y ofar diresd good caus a nd Jahiatle coerrasgns d
myxl7VamCxHmaLtv,Know yee that the said pro Deyer for cueis good ccuses and consderacon
wH9GBIhd2kvngi9L,sad beng in the perth of Sethiaal bonbring by terenatren ten
IQd2lStKyzHNKTkp,s frdinag his bewy Inncute b Edrttnorr
g3nKhimFDqxMPLH9,march od shot derivereo by thee shipfs the feter
WHyB8LgfZiRi9mYZ,Ecand svry a w cengadeers tod toeo tteragag aneten prctan py wte d er exofaver & tete to Caresd
4Lr6q4VoUgY0r6SP,paifore snres Eirad ittrs dgorr acsed pravtentacts as aforas ang
rs7ehHgZXSIQ2W5S,fotrnaoe adseimp utson te Swamps for and derin pr the Space
jb4nf88FSi0QABxj,ay the Conte of the with in ball of Exctrangn for thowsan
QToSMEeIeMcwPKCq,Ser oodaign ah t te in issed
iS4Dj0rmbVBFEFNH,poesents oxsutr the the sagd Enamsofe Wrise bisstheines
sTr8Gq7XwAD7YEex,this enrtenth way of Jume brno Domi 1645
FCRsomVkB0HZYmfL,persorrs wharsoever claimting any ngnt tetle or interest froo ore ander rvir
hDNMdtQVQVlhaTiS,oes corricone of this &biiccen e icle thtef ise avoes boand Wille Blugey tis herres
qD2tmy2EgpyKwKsS,as evare evinient Sorebouce by the datice i the isained amerisant ae ton case toe aforeto
eqxocQnH6YxyE6D4,and assignes or to ary of them upon demaneds at some converven sorchoige nerefh
b5jNeP7DlyuXgPPp,oo eyerny of u and them absolits ly gnve graat bargon
bpTAtJ8xTfRc6cie,Jigned sealed & detiedi the prsenee of ns
2T0vjBNNXdhVxkn1,upper Cherdceriyht Scletase Sanatt Sosiaesen
iOenISaFI2lJ5FIW,evermore f hee prayeing or his Assignes all accustomary
jCc70omRxjWU2fhV,with thappurtenances and men lyhm purchased of the said Johntheere but aloso the
Ji6nDFkgdNdEqsqE,hane horeiss st my hemd and carid insesta s^t: great seale aapoint
ShUE5ciRJhtbzN1o,to pay te sastrooe o ttercascooe porais sere: unto evaness inisten of the tcearso
bc9PQD62rJvNFViq,mcimtrances wtsoeto had mase or comitted by me the sai
d7h3zq1Hh4J6HVaq,chate hereofs and for the sine pformance of the above by me biirgained
iKhtB3YQx5aljYms,mdastaaons aanaisance ors olcertetse ofcaise ane pretes Eas o
cLc5dQBnOivGU3BP,Kne Asigne frties for dives fertelseof and or hreatnts bop pon
I5K4sdW2zizQaDZW,prrds of good ne at dry ceame and ielt etecred meichant a bore cottonworle
14eGgIyKzMioXrq5,"anassisered bg asd Ineact, ane peaopsosses wha"
urcjtqDGna48C4va,y ttse ofithe plantacion cattes ntelrs Tafto
4NZNdZKHtT4RYe6k,for and in consideration o ye full oumes of tesenty sever
Uv98CHMc6JGvY4cB,asite wih sot gnistharies the teegges a sehiin
ZtjbmOqZ2QaexnuW,Morres of ye asland of Barbados Marrinee dse acdnorledge to havl
LYjhxkC8lVxNFIom,rassreses sai sts Sned and sisteses and slins for
yuhilhxWZdc2ergJ,be saic Sotes Dod ast he hath dove hmm asseut and miry and apter uch
kFsilu1CNd3w8aFi,by Grobest orse and eege Natton of thr said ssland pranattrs unto sege the said thornas
JCHhUaZ8t20I9clH,ien te ssand Islamd of s Barbados ther afore said deere ot guranndy
4wkQqWYnIFi2QbCu,piptire seachines tanagtiae angint bo ects
tSNq1DnYN7zUxRYs,oovas thad takleor Gond executad by the r^t twr ames
QhBXR0hfvOxOyBfo,Negrey Eeent^s and ing at and peeyef thenty these
Y6Rt687BT6wfLaNG,Wanre aicle tosat sarde tluss heises & ass for lusg wheuf the lett feitsases
pJB2ymjZ9VjEZalA,Island Eego doe ove and by these pits pende mne my exes admots and aorignds mof
qU4OeUe5b2GOb0LL,said aniet for and in consdenacon of the sumne of ths thous and pards of cotton
FWOuOEGP3JjXSYEm,antees of the Sarritss of s^t Sohas ws thn thhe I slen afort said
kXEHE7Ndk7wKgSjb,unto the aferesd Rollins as veitness our hancs thid o th
Mar2jiIqZlhQ3bia,Eop farges tinge det lande himeralfe his hires eng and asignes & foyerte thomarland
16B9hYmKqtNGI2Yp,Ipers are one hiis aasee name to hil tnegauiess yores usiere hveit pereopote
pgv8bC3172eXFqeO,agnd nd thas they the said Lorsland Bultey sohs Wilethere
9n2oPoRnrPAGb3X9,leafes anddeliereo in the prsenceens hn artopign ts Matmagute rosten
5d98ZDbQAvNqHb3u,wheoe prresents gnee apante bargaine entetfe aonire
Axlz4y814Kob8b7J,Acones evthore avvatts to aey or acuse ts asihent nnto sichara teasatre esenaal
T14LCfZIMuzLcF37,Kaow all een by these persents yt S Chilp Enos of the atados do bard myself
droYLsVQT54zTeB9,fferdiety ty the sees pireseister thee suis Richard pecocke
dzNbQOPBggN8YUwX,plowell his heyes Exccntes Aom Sat^s and Assign
STLPL4LdzH8kSdhW,cores within menconed for and in the name of all the sorthin
yMewBNEHdENGjndE,"Itaeh hhimtacs Siney Saes hn atthe, and the"
XqTCnNsS6Fmhi2eC,leerrare in the parish of St Andreies wertaces and the sais gooas and ccrattens mereivced
vBmImBFABwXDdnfV,Bcteased and Coyfieshed iise shaed
FGqIvZ3IIb8WcB46,Bartatos : Whereas Capt Jom Barkes and John Nerrits i my behalfe pformed t
RR6wd2umsF4FR2qf,aust an Confedeaite in tase of my ocath tothse the sold
Vfm69yOg9r4ORI56,tet and traly par sone sai gie or cause to bee brrely dattsfyee sinto the
eRo7qYYOLQZ7mBhI,dicharged of and from all fommer bargaines sales gueftes grantes hases motgages fcoffements
8aRUhR4IWrXPvhsB,Sallers gitesttn astofe ts erd ts oor ealle ootie & sst hntenst t ccisarce
yaAYjlmaAmwAEnPV,brfore aneertet picse bheonn Atcer sy tefirise guile of tistatyee
dtF2POAVgsoDG96H,Aisalder os atrerges the tiine o Gaptuershunips to se trocwgts & sacltt
VBMl2YnpKvZp77U1,h ah ofhrrst siosissple to wthmld athiese ore tont
f1ffBgVVxZiJdL9J,oforesaid unto the said John Thaw his heires or assignes without any leth troubele nderon
BkMkklk8H2omHUYf,heofand wosh Heed w bik aeres lately belone iy
Hzw03wFYE4MaG4iC,Eeeceur: Ms saitie todo a pareetf of exinre for the owetaipneinge of aiselfe and cemiies
2gxhgqXvu4hlKnLZ,and bchotfes por evermose withort the ltt trouble deniall hinderance
Dryhlp9QfMSQacjs,an befoule agd as thser Sct doors Ditvors the
B0E9J5TbJ5iyUrKn,poarione on the oter syce withat the houses greino fatlen and
9ciG9Lv3g32CgH6D,Gett & Laiiaioes conaiiaeong site ltnstes morane hase Gcllrs tytacl Iainse ts & te ts tanists
PjiSkDS14CiBgbvr,Siteses hason d iowrs or Aory other
sQKNNY6zmYwDyGAT,Sngned Shealed and dencred in theprsents of
naKaradpF703AwJt,Safey ox pnesies Ewhalsover or heefoemer do
fjODbAygJXuQoAcT,hs: stg tst It ir
LKjqz1KksDbs2Hhg,Gnmnsse or hprancity o attas ard Atiethae tabig
6biVyQWKsrDoXxQn,Ailfers shn Sres hi the sad Hoeert Se
qae9B2XfQCd51PQy,of tis sand ty taid Sd Togell Leary hd
UOOvQ0nyj1KihWSp,unfe for the poridaition of these einerds ano
EvsGkfrxTWAxOQpj,admistes and assignes the store house theseon Inowe hise with afl mehgeot
dxzGDJdDYeiS2Xzv,"Aister Schetels of all res toe Bsigs Wrshe Lanes, at saiss"
t9N6h9fZSBvbi72a,Dey ot in poccat arr thee ntros ay tatoy esord hod dlsces hevresavce pores tasidred
6TZeYa37jXPjujyC,theis prsents doth gihe grant bargane alienate enfeoffe confirme & scl
CwVZExFtWFuIVmoL,of thente thomeand pounds of good and sherehantable cotton to ms tohe
gqcZXJ1prBKuqrK4,merris trators or aassignes for ever aiitent anig lett
TQfADx2befxm2iO8,acording to the sonner of the saie bsondy and oudys
pLlCfRKuqb8AoHu2,we desire goe to doe the vest assis tonce pi
iqh4gVJjrsMnTvnR,o he seiine Patharnes oprells beanng ditte phes atesto
XtShO68sxNoo9iEj,Thomas Andersn of 150h of Cotton to the Marchants in diffeeeto be paid partably
ImOM63C5fDa7vWLH,the said Caplain Sartent cash hatfes arcosding to Jumres: on blle
5ByLs3mBtn9BwRSm,tnos &gocs allids S gndesed Conpdesser of the just Same
V777NhBeCava8k5k,afore ofeanred it halsand geey te lefill for the abbenamtr
NYnRfpiNtckREYxL,aneI tepst Cwrtne from twsadf at this and d Eapiranon of he
XXOVuB5tyIAyDzXO,wais tas wer saide Grace Confeiffin
Ljh69ag2HZeGI4ON,ye said Thomas vendall and Benamin o doe
xgRxI5Pwdzrm9h82,hereabonto noo on the temore and occmpacons of mee the said trmcers orichinaon bgethes wth
2sWyICOTDWsLRjKs,Tncsl p^ Gents Inceri ines wthereof I hame hereento Let mhy hand
txw5M81dnyvowV72,med oheeristisor apopes ae oom thatimn Wamed
fzsFAqLlUEmJSAJZ,al pornes bargaines stuils as thergaes manget
oXQdbbLfsoukNtN7,speagied untith sucher syme as ethe said thomas bearsnates
CkqnGcDbeOSRVDyv,or telreavoletd felliel forrenls fote ote laudo of tse scl Sgalte corwsser aithat
xKrZEZzhXkgJKp7Q,Retl ith altes Actrtaer Lagie aldes es piatr ptt & Betdgees ate
7odwkFOdqTnyK41l,yiseit sf s a y the sas iesses ptnses in the Isand offor
HwQ8QbZvAxOgpou4,Phis Grall of Sale astnewleaged oetore wne Eoy It^r-
4RcNPdVYpS0Jaj2g,Tore Nstang fucstn ine ttee said cland Caph Rich ord Seery comanden of tthr
yL4qQVSGAWhXUWFv,fobeneiry in the six andewont po yeare of hie said ar
1SSw2BiEvkGa9ahA,Patins my hand and seale the s^th day of March 1644t
6nWzHZOSfFk6cmhm,acres of band with theppuntenances bounding upon the loaof John
C1o6OTTPxWLIVMmX,Lawfuls tsane for ther said W^o reent and W^m Gouldaing ther heresegers admistrs
vCvB003PMituM8Sm,Thomas Radford and Mithuer Hacket their heoies exers exmistrs or assines as theis Li
FDZTQmdY5EK7aKNe,Stl tehaes ad gns of apemnton in the by
Z4ZaIsRlpVj5qlnt,whe sntwne said plantacon of fifte fomge acres of land w^ ass and
P7fTt1XLkAjEoOxa,G En Ibrange6br hamas hre one of the wittnests
Rd3AXiWC4ATFlM8o,oe hreir Rodignes of hall & sclt on or oeferres he ferat derry o
v4PkGHbvb7ZFuc3F,peretdany of Meny w^th shall bein Amro Dom
IH5QQwbfUPz4XYOk,from Leapt harlklly M itnese myhand the 1oth the March 1643
ikdEj2ip3M1xKYrD,Excetpt brforccexcipted) withont the letowe trontihes ooistacon teve
kTow0eQib7NW3qxL,ide odes so Son Egist bave or cleime
w4EomEB5HraUNfmr,Seces & now Mrectet Shaveding or tepirs mde
1FNA88rcSxnCC8p2,wey at any saroe hereaftes bay any clasine tytre or anterest theree or to an oart or pecer
ZR3eQvmfCyzbZSks,Esy this pressigne ot ans poresiimder of ras beit Ino
fBM0lIsugfuQstCM,moeof made beticene ads and every the said partes on the one ohe and the abovenained John
yWSFtGaKuFOO9oKq,and Feliven of these prrsents is and so untill a good perfset
i2VyQ85qwk87x8Co,Toze morery or halle harte becore grantces tarissiee
f95LPcmWwMt3VaKs,Gaterts or fomission his ese samongest other things) waisis
2wVAa1ByULUMl739,Egeeetctors and totore anel every of them how inmantasn anro
2rE4Kl6R5pdv9D04,n es E s id bes& peid ss disteas hecd ntasaes its mt
TXLLrWYZP8zwEQM8,patie the Gobrnd and the cduinc according o the custonge of thesgied Ir and
v7ZtMSV5wTNw1DUG,hrarse holar hse actrinry hssrese ane ncory
IPJBSeE7oZZiZCDA,ahin a Wdi re aet ofe sard ither quit prant
UUwKH3mzXkdD0ZrN,Deosessries t ayand Mary this-
XdEpoOauw0NEJjYr,My nend and teh seale thers theree and twentieth day of Deceraben 2 toto
GpnbzEPCQnb0zESY,S alree tciisen ossorsanl aang rcitte Eapreess Asiis tts Acatigeess te Aeerero
CHQRfhjzzSLgV75k,dowmwards to the seatede tryither withall pfetts there unto belonginge ws^th the
kv5dJq6wdVReP348,Wad hen of toly naeests of Aigty ged thethe
A6LEZKRClNyXwNb3,w my stead and ptace putt and constitured and by thes presante aol matee wichaafe
EAueXWMeYEOc6SJ2,Conderions of Agriemneets there ti tosvor at large ut doth and Tooty
7rfsKKlMaYaMSPAz,Ssill brlcseees alies phyatele reroe thees ales ts thies heiglet Tenertatoled
VTpogIeR9jmoxCRA,ycnely y these nrents adiitutsss ar aie andseate trss
ucKa8jv38q6lwDm5,Coelt of the aforesaid esland planters his heres or assines natl the
muGf8gk9XIIaOenQ,tr he daid to ihach booke ins heires and assignes oovever by thuse presents en
LkaO57IHg2P0rpXe,ass aforesand aer it is alse agird upon by & betiveene the frties
lDVMU2eHEuT8WV8S,Larnt crsentt bf all fties to theses prsents & shall bapasitaion ad
oSxx4iSIuJFQb35B,and des tatuences whattot to this sgone belonging ot in eay an
7DV1LRI8XKUDVTNc,sard pties to thlis pnts Interchangably have ett to tei times
42VHyFIxvqF4aYeG,uaide pr^t pemitt tos have and to hold snd praceabin a quitty to pese
SiWiEJmFzPKmJNVH,claymnge any rieut tilleor mteres theretin fromey cander us or tisharts assigns
vY34uDFbeEhwED2k,tor and tis bonorderacon of the sumne of weie pounds eertinge abrsady in hano
3mUjdN6wOLPSlIrH,Within Dood Gal or sil of Sate plctnd o toencaned to be prande s iton
dlZjFxaNmSAQ0brE,weds iles mds Eseiden cilisgwasds Sealed and
Yz0T4b1288yKqToR,prtere tnttrs aner wtaninte hatise tav Given granitace
1PaOtNfdyVa4fHpA,Settover and doe by theis prsents give geannt bargaine bell assigne
x9zDKpSotR02fP2P,tse heres ixers and toethietss dot fitmeres preelya aosoliisry ahienare astigne ad
MSv3IcwbWUYtuZdx,being Eignt chaynes in treaith to ye lands of Mathow Tomler
jLqgFZBhhg42tGok,"Te mocone, the saind paysandyehire uthin montigher"
a5GFgyOnH4JhLnTR,anerd o ai ha he n esps at ting poe
ESihEQoTsaT6ltiP,& itlsnts re use alenils & Asscinttses of tiiee nsane poinese
Tql4pZFUpnent0Oj,Catte the Jeaisennt day of be tifh in heistee
5j5hfC9bU1IGOL9s,maraides ocsiges lxmnsniee pcuerd Oyegees oes to dses paid osasoses o aenes lupane
02atqnjsbbPPWAfx,the goods abovemenconed doth binde ond setoes with on plantacon conleyneing
5vAr8dDkn0ir23El,This Indenture made the ffirst day of July Anno Domtbyt and in the
PQgZR1DD9yg46RO3,"Meraeceor aebrt bl John allto, Sater Ciff"
N4LF7PbziTN4HecK,Wclliwitl my heyes Ehet eton ih trev ander
9gNrL91w3G7nlxeM,S eparre and to hold thehere bysgrantg bargained & sold
bxutUNqPYTnO1toX,hyos and befor us Seate and Deliver as his edt ane deed
YRAEPchzxyk1FVF0,Ter Mrthane houed accupy and enoye ye aforsaid
2KEtiP3uwhpUBcKd,par aed bre Greorsad matiin ofatt and shenniqutar theis farsoonssars onr othe
M2chvwENMIakHVq7,ofthe estend of Baobaaes henng sole untos W^ Baroes one prantacon of uand
Ad19jEzMXmZ4S3rY,"andr theor Andthat they or en of them,in the prmis"
R4HYMre7U7aFUKhh,of Ours Lerh od 11o44 & as ogine tonvenrieert slores heubes
6VL7ky05DEOwZbrz,"axd the sestt of ils, os Pranbasson fonbeyning Dem"
pUAFJWpSEPTFCYbf,17^th aprite the isandef enbados phenisss doeconfisse oiss aclaes onstay ihattee unto sicheard
bKk2xIClHMYPOszD,thepearty bay of Ecasets anere bousimed In andred seventy
yQ2HmHUjNjeyjLHU,saide thomal Gover for and nfonsedi rason fthe
eL3PhVbva2F4gLDc,Aarpt ns the yeare of ou^r Lordone thionsand sixaundre
FL4pUG4QHK1r3MfZ,dands bf ohe h sens hnssatnises Wdgses anquitts gonerate
hohd5cKrpeIgro4N,tto erds Lod evcritleting Snew ye yt I yaliche sgdeois & Thomas Batehet
ysbJ1m6Jx9VIbub7,te atresg isees this rcorasses on oes hatfes of oie ucuaseestd acwes a
IK6Sj3pSSenjqBwM,Brueavane sngar payable at or before the first day of Mrggoret
MD9x1wC0lV3WAgAM,province: Tiven under on hands this25^t IfCarch. 1640
WRzgL43XMwPnb698,dennissed preniges the Astraigne inlme onelyercefre of inripnes
ISHJmN4PkpDvMUa1,Tte aih to ris pian Rachres to whennes wnese arsseny etrs-
D96jItjzHdYMiGYj,borrgaimes & abuld Arrd theis frsents coe giie sant
QIHnpNiZm1IQWMHy,heeee eosed hse foresents shall come
wRUgP3zZZakuiKGy,hres al porsons seith hin concemned far alh wrronge drfines cort sictmnts
CpWDKNQyvbF2ulFn,ay me the son thoas Elare my exeeeecors or atsined of ay anay othiey terson tr persons w seeses
QYsSWuLlouRh0ATn,wentionee to be bargained anly sotc and tat asp tte
WP6UP9Xs22atpY8t,dop fremby confisse and actenoer lndgre tnoweelf to be in the oe on
IQUixJmlce5rZ7nv,Cariee Wardgeoter es esiis: trentie patiopnncalig in: tet
fqqvJi0lcBF21niZ,of st Michall is the Island bounded noithisare with the ylbe Land of
7K2o4HUYrm2RbSRI,162 a pldee catees on oule vay abritting upon the handsostce Crenferrd
dInAgVa3JIcjwF0Q,Gract barsii ols tewferses she Lorime ar sok
GTrA1EEpDJjym6MG,theis pnts wtneseth that Eusigne Richard Edney of the Island of Barbados Gewt for er valatle
f6dJDcGlyMFY9hWG,a gamst elore istate or erecuge pparttne atrteicke tene aand tines o
QMbwu96JFxnbSOjL,ffailt famdityes Soccntapes wnsfos as tor to the s:
eHgLzPhmIPC23xPN,"Ts wnlerd ms aie darding T chds aid Sthess, Aidoar"
IaygaH6vYpZDcaFd,Sarefes An Isat ton thee Simppte and that yha
HSoPMtZD1yr8UAVR,hster ies oss a toeameid Hepere od
S6aKv717N68tGf0v,Cave Pored seituate beeinse annd bamnse in the pishof Jurest T haven
qafwbRVqn1ODNYdT,Se Watad Satoind e nsondoifettd
ocfsL2tJckNH8MdJ,wvooer aner Ronveskers breseenros staistiart acrapices
qruBu8TCVSUIXf0U,yards of hse pasts rsigne that noi to prsonety a s dares:
CigSIYxYJKn1wG8q,Shable s er s attend Atore ng the ba
ocAWa7r8AoVQmWne,house at the seande and the said Richard Hoore as to deliuere unto Dsbome fones
CVbXn1tXg153s78C,delivere the abore Sobd ds hd & oliptary act and re
JRNzJqAcr2h77TkA,yeare of Lis Ma^ Rigone that missis bersenali
ueOxZVTdkui3Hx8t,"To all tonriatian Paspre to istome onis prresent twriteence, snale"
SZu1PTAaTIMS28OF,&in theiss in and over the Island of Carbades xe amnaner
gIV0v2TfmiEWK5C0,ye artnbrety of ye stings mmest eselent Matte of grentes Brillaine admitter
a2LAc8hxmvmZOYbw,abors ts sreby tsce fooes anndines ti the Surey ors Certfe
hDESdz38Fp5zHXZj,wares merchandees debtos diess or demands sover as are oue orveay
HnSnNdgKUOHfEUSM,aporvoe ant conhrme tor good nd espetwale alhend dencisteo woever oie sand
Fv5y4eN1BVg2DyxO,fitty to oe Corptiate ane snesd: as in and br the Saide yx
wagBFmfHG5jAh6Fa,of Cafte: Hery Hares as apor pertes andecor willand may appheae peng
Qf11l1myKftMzfWP,medet andeeing & ape other aisety Beegroes bifye sast day sof Sept cocret
OXOydtHcuIKjuGSo,unto bapt George Bowryer of the same I land Eog^re ans exeres admistrs and asignes
lknYFo1BN2udq1nj,wodesosidt the sor esad Barased
t16GgfnVPxW35Wm3,thereofle this and ther evnd rer ye bonsitt nd bhoose
IKcZa3Up0dediCls,ase of yuldein y cnd s atyset o stharifores ot arcty oand tver Taar atieden atoray icitin
rdmhYjR296EFlkQ7,Ehice and Riona theis exeers admistrs and assignes be fully totally anor really
ZWQvkNtxBmFO2Ye1,poie Shlceived peome Achitte aeremisre &ettariinateeth of eatstes asturstsanss sheir
FSKowlCvAxiSTbIp,"DJulyase 16ef, Thomas psond John bory and thems & soy"
Byz3qEzcJwiaGQV7,Capst John Hoalitbresiges & Stochgsrn Wartt
pnwpZNdTaOvIu3W1,per anrd to alt t benrose ttre pott t teottes of acconista by ane
GoUonzsWECa1qgoT,apecce ft sirve at the bedelevered to the sd Capt whristo pher
gQBGXxj18x1peQZ1,pesaage aie ter aeaet cissad tolthon
8KQ39jVUE8wcoWFo,hrd as eforesads with thapputenascees nonto the said Enthony tooobe peenry horbe
iMTzYvolRJT5o3ew,Sdi nshes i s heren ennd forses and
AQLKHu7qnQTupqzi,cctee esel. Noloterstas :seealder panra pars: fhe aspres acc slaccent
HU6V46tBJK4gx5SO,"in such tiee, conass as hisrs and ampe eage"
KEQ0MPI21nyCBbEt,"mombers aand appurteuces wdy es fements Ingres, Egress and regret t"
OlZieTX8DcsmcYm4,Jhn haenrch and jant stins ther heres exers and cdmirtre or acsignes foreses sxt
cD7bYtU7yrqvapbQ,Ant ogaor dan ess agneo Sgopet w hafigve
Q0AFcQt2rYCE9E60,tha he said hipaboro Stepson for ieh gond cn
yQyoRVkwVyQYDnUT,use and uges for rsers cals archted iye herciet
ZOGCwHC0vdYLJ3cQ,none o theh asinisewt or puepass whasse cveie ed
SQEtziWuNeybgflr,Eidane and vrettof ansoe to Aetver enhts oletever sinertapease
PuaT3RHXVKUKo9Q3,Tntos otes vainabo are beriesne arte hireinthe itreinse as aisoe or amtes Eitaiened
rFlW6GrzoWKidHZB,promse rehase and gnate clargme all his rright titke clarpae and iterest of ts aod
LYuaBcXuP0sggS4n,"ani Asssgned, bot hoiby severaclyai orsptttinedby rovenein"
C8yDxvuQziUHnpnT,peetuoe of Towaccoes p alse as itrisss thres arid tteis ^th of Suty th be tos
CK3BXkVrtvlCG2s8,e ls p capser tsl and
cSEMvVffGhkQ5gY0,"eral Hiftise istsas woientitprge d, aist e at"
j2lCOUfDjyziWPxz,Gharter party to tode the ssaid tumage on boare the saie shris
QkHbw72ZQQSHDD0F,yns Gors Ggoid sod Evlastinge Anrelse ye fuatso Bhg
vaY4WdRPsrxQcCTi,S idd ahin Js soits thoseisere h pd
ThIZXP18o2OYgpFF,S ter ses Goatlr oneenfost unto all Chistian pesss:
uyKyuKgZFgSRnvFG,Islanrd Barbados Cenpeer sns Gretttisg i M se Tod avntasteny Knsee ye f
dj73p6IJp4zKRE6a,"fole, ot gensfissd henents of herely to be granded"
MWMVURRW2Df4HsjI,the lono of It Miltee: serd to tave anot to Ihored all and singuter the
jR7pBfY2FL6qKAUq,Perar taneoex po te tis e Aet and scos
Ps2OD0Hv3x6aOhen,heeitard witthall the pfitts thenefifts and appistenanes therens
Z4CqRvTH9cFAAtID,teter tifres acots ander ated omeerone n
03ge0EGAdvC1Cz1C,"the said John Bay ley, and Excharce of torganseos for thesetos therr Esseies"
i0AOuJC9iHa7kpJ4,Ishe hans pounessof mie o e tacl on
MR4VoHrT0rqctxGI,rghs tille Inteeds mer peasisione Stevnstor Ecayome and dumand
Vd7IlkYbFGhe5pUC,Marchant hisherris exfers asmistrs and assignes oll that my prenacon seiteate
mHxNWFOCWdnrJi7s,greingranted bargained sald infeofed and confaned fid his thes puis aer fiess chons
RgB6rNIlHWRWpHXP,Bre Gaas chesge wre Epare onn vassail anh sonn Lerirt phreese
I2X2hstEsqnaVOKz,Cxarees thaaurtt on the othernice and bounded on the land lostther with
7FXj8D7ujaVIGvPT,thous and pomds of merchentable cotton or tobuccoe bee soer ead tinehy paie by
rIIiaG9K9YXorIzI,Iseig bell beudeth nee Jouas Iockton of the Astaieed of Bart aste wty
Siu30SpYILig6YGT,ofand from all prmer vangaines morgages ties troubles mcumbrances.
oLJuSloJQgZJkY7G,and sarye awey any water tha ios or shall Wo
XXx4gUdJHwWGKTSL,of Maseallby of the Baid oysod in Guh t
zXLn6cJqI5IEPXjx,and acls unts the said ames polanson and John ocredith their egeecucors or assifned
3bHQbwPSDOee402F,"pslacd Becie aed, te saie and to hold tthe Said Land"
lWw0KUfBqipa8hiE,"sner y rany of them ane b sons aforesand, and thaths thes"
bRgyFQsqK4URlnsS,wheeof I Marse hereento ott my hand the 2o Mirst 1647
aM8opMgTozVNsfl0,e said & sobiasnere esyt for ansers baood eauses and
b9IigoD1hhJTsi3w,andiss meg nliee to teseive tee sare suget paratole n t sare Rilhoe
EtMvsxaHLQRjdpG0,the oa I Tobnt Cutes John Benrton and thorge Toofight or in ther of their
PLqjnK87s0mJRnUE,san i s s s teetsed as appeares
EssQg9LFxQrzySZg,astegnes arid agth orter anners ay theise prte ase give Grantts bereanes manes
CVmicmbULpFyeYIP,sne aovementstore nouse att the scasiae storage free at or before the last day
zeYNe5xRDEag6t4f,westee Cgne of ao sorenges Lord thaces pd
g9R55WWmaPaeVyfO,Eh batebetse y encs mearer hnd o masf
Iq5zp4YLjPVsJV1Z,at of oose C^res sae is eoiits tands gaid a ns fruncces
vzyY22WJFi8pdyPn,Sindee ty the hoasgaet &fofis tody that hee iseone
ffYZ8XBo1lJjVjxh,and of chitdoe ard Anchar Eogether coi th all
gKHu8KyFeHojgm9a,"folf the sores Clorasen or Icell of Land, y^tall and Sinqulas d"
AcuVET6ZyyQY0PjF,pts of 19 erisl feing& ole the barlf of 2 tnhey hens & as Eete & elt Tuchs dowm ell forles
ctEQyedj9N2BQWPP,"Islandr and, fole Wotary pattagne in the said tot md"
ZdKwIrMIkuTssKr8,yeares mat is to say tetl the nnth daie of Fcbmane w^cl shal bee in thre yeare of our
GxgYU1FzKRywT0Kx,his said bepeinty astent one mpeper halfe part of that plantaiton waorson the
9xkgaHv6Hm9ODxwR,possession of taps^t ione Bownell South aopron tn
p7CIarCascEOLmyw,prteentiett day of farmary Ano Domm 164
2YAwUvLj5fTHLuyI,"use thide sid heneis forever, foee, fally, and"
ovoSk89GVB6eDJQa,ysoeinge and &dyleinge o tisriden o Exoese nt
AmmDahr6dP0c7WOS,To all Christiom geople to whome theis prsents chall come I Geoge
bHUrIsbG0SRBZ86l,payment and better secenty of the sume abovesaid & Edward sonthisove doe by theis pits
afkiOepoPW7S9HFw,"Wenaly, aereaced Esfre anoe & anelutodges"
xBe8Q6vNuQ2hU5tG,16417oleet Baltecly thiise Lrivie &acs forert ts tlh desy hote reghst fitte & usteceat of tis wettiais rcifice
3n6xkUsTCWGFU3gj,and dicharged of and from all mane of formor bergaines sales gifes graile
puBLo57L8j6K5aAc,and nsipes woto the or theis orne po eset benefitt and beheof foogvernigo
1XRVLY91wFVMt1Fx,the cairerts aesiet prerm al amnoner & esiatsrst: tore ptrnss me prreit
Jo0kBr6UGMFTfR9R,contermed unto Hugh Edonoghoe of the same Island sen
hNzCHMBp7Ua6ZdK9,Nameed ao Bdarter & Mlrgsh Adasaon tre for t a arettoettr oo
FnOZlU12Aa09LBGv,said senty acres togetrer wit all ye timver ano
yUQOVojodPtF6Fjv,ane purposes whetgooser oceieing to the tenor uteut
2W5raYkBShmwmsju,Tdi dbyne eof the dod of Gooige hullige themettun thne
CanJxdpyZcvNukNG,atart Abity oteres o Wt ang ite or ecles Inereof atrelll fes puesiands
nTh1SaAgvnCjjUPY,pugn tat oooris personelly appanae in the Sortargs ooffeme of the
3sxLxwa9J9ddjON5,Aade siiesrd Cntestlords ad ntacdon hs heires
oPwBEtY24ob7dbXY,asccred psesirsde of esitrants tiste ihacts hes nnghst: aclames unlies the sar
tuB3xFWCvI5bKCY8,theatt mng aart anarntyes orertner of thiees shalr sar fully doe ir and
sRNyC6VpRFNqwODE,my pte and behalfe is to be dome and perfamed ath all tiymes laeef
obam73lv8yK6ZArC,Annist Lanpey Mig heires Executors Edmienist
Eghoc1ylfWSZepBN,uttt Garcis menconee and esppressed and obsenced and formee cansfied and
8tSzCuX2MesLLQMw,inthe Hourte yrare of th Rsgnt foure reigns
xre1INkuI5H476pf,Edsid nte fese ai Peaondseidangt
HFFQvkSPmNLNB11m,"of England Seottand, Inonte and Kreland reing and of thee"
PjwPUKvDT2YirYWQ,Revoake ciar acran terg othes aiop aie aachs tinnges sanid thirga devier oeised
CtDq2hfkZRt0TSMc,contd 5^th oftee it knowise unto allsees by these prens theat I John Wate of the wrtty
RUO8fBFZguBdwHCK,ate tsligss Eadenceste arsfitts ad vastinges prcecssae ee to ihe saclce
cK8ShmbCuAjASnAG,Hlfirdelr httes To threcasd of tt hotiees fifitts coninganes & aanreaigees teevr tilacsint
d8RInvCiQIMb8Ng2,Sie of fo ys saidsuiths of oe harded and pod
x10RAePB4sjbuMYx,W^es oniell pre bagnas pray mg for thom pie theusand pounds of Collomt
5Kx7i8eYDxvGu9hD,soever all whicch Seette aforesaid let it be i plantacons lands
pkA82uLGrvammRFN,Recke he shaa thik ot fe thed one mating oit tnene lie sor and
V9IA3iXoue794aS1,wthim eramned Trromas Shickpenny and John Parter andonade o wthn th
8Q9Up9QE6e6d1Sum,ouney tfe Elites fferthen of tr thesansSusaine Lately ered
QILQnLlF2BWU9WTT,for me mny heires Grecutors sand ndmn t From
nGAF6tT4H9uFGpd7,ath Gortatrsones pracopes te achrines tresato pirssseents
6CzKMmn8dpJfuBLu,Meat arysesi asse die
gZGtGKEtjipu3rZn,May Huve hold occupie possesse & enjoye the sd sargained pmise so
rXgR9x3gnNIW5xxZ,ost sad asy our ti art wthrr os sh treere t at
saWfn0G9xSTz5KLm,crasgoreares n his &r terases hem ptrm At Asef &
epWJEJncuPzHiGZV,aneaeererace dnte nge rocits Elppttt osaldeine frixier or
uSAyapZAgZA1itIB,Ggaised toy ve peayed unto the sad right ponewcase the tale of
fGsiykQiyt1Ps6gH,Geoortign hse sed ws bcone o Eas hahd soce laidffesagr eheosand
g4zPkQjRO6GO8smU,o the said Richard
2mrd98zsy5HA5EDu,miss meires executors administrators and assignes of frem or by any other
CiMBCj2drfJBkNme,withen pr sssends sipe Sanes trafeeyer Ane the said
n0jF4hz9PmUd4PSU,Bruse asand & thesgonr to sonre tar t and paared te Ncacrgd temr of Ad
5ql1df55Bv9Wtkmw,menticon of here in or hereby tr on gracited bargained &sold eerth thiir and
NLfRiuhpthlxSjGy,the said William Willanison his heires exeers admistes and assignes sell dispooe or mate
JlON8x9z7wzkeL9k,"or uterest thereunto, seett t twherept Thmne"
UOWwkVNgrJpVx9Py,andesste ty hajoy eist and song hla the asone bd
8XRxNw8tFBfBJWdU,Jil for taselfe ouoiny ead lon of the
qSIEilw8xD9Gvzqg,"lands of Menry Rawlins, the said Johm Reade Joseph Ntamme,"
uqz0CmMpezqUMaL8,"Tattesonte o aspend of oe selanes, prenes uyigs and Ette"
M023LCalKlCekdvp,saled signed saclivered in the presence of Chridtopper taddetton
rnWXkKWkFYWXfiNB,Sthybridge of Wapeng in ye county of Mides Marenor for a valnable crssideacore fim
qSE3ZyWIXgBSLN4w,"&acot Brettey, marefrandt, whicrfe onsiony and torned bontayentt ne atils"
XKw400HQ6W34DdXa,"Cntignes hof foly acoes, oo it owenser sof wrthale p"
Cnvnmk4EciGX0LMz,It hd the said Besars Toaned and tormh
51Is42BZaHgbyjdQ,pranted bargaimned and sould and by theise pnts do fore forant bargaine and rell unto
3emZWLUQJnEn36vt,pay heires exers admners or assignes oe any person or persons whatseevert the iacion o
ZK9abZDnNDfmWXcP,Semandes In witneses whereof Ihdre tereunto funtt my hand and seale
x0x2fiuoGZ0c8FXH,to itess pestrcto: of tie s d n Merion hane trereuntoeset
hODNCrSNFmubjdIb,mhenconed and espressed unto the said Rhichard Hiller an Thomas Livs their heires
0qnr9jkLM3Q1FIxn,and uson the Lanrd towards the sea and mg
TokuOhC3LQattCcG,shal come Anow fee thatI strronas Asndrees oy the Island
QYpZdSjY3SR0VeDU,tre esare of sight theusone panes of caton ach have receivet
m8CXchEd7MjAOtcC,the sard 1640t the 20th aprill 1642 titnes my hand the s^th
yuNrlVKLlcO9lpEy,Aseesyssats or o thies Sto ccly o assly frtesons on atdeires Litidedges ep
9pOWNLFWVE6YpI0Q,pate thir aeand ers Jansabere wusther
JXvDQG3KwYLhxojT,Ires buill bevribeth nie oote Tinmelt of tthes
pPrnLyf4giOVMhcL,condnded and ageed on eeteene the said parties that the said Walter Worgaid
vV1FYURMCoWB30o3,ansrstages antse arseer nnare nie es iiee tonreste as rictestetistes evras
bpciKLkiOGc5Kjdk,amtes power and antroety to substehite and the same at his pheascais torevoath
xbltczueeREOT1r2,touble or mobttaton by from or coider me of any other pferd pfons wsever
iozyUdXs24YEqgja,amplemannes and forne &ess intouts and pwe soles at hee the seige
L8bWR0rKcWWlEHPC,Kilplbood house his heires exers and ussignes forever without the lel tomble semars eviccon
iL3MbCrOEjWNABLt,arery of Gheise or by mienes on tels lars ts adtent ecardent ot procetet
acVQO5iPwVw8mMv3,ands nee said d^ bs fie thie soore Expnsords
5OccY1thuHMonnxi,hrasds ahereantes Loith insil flcltle apisae oi snpes atte
WD8hbF1crrLyt09f,to y^e said Walliam saitt and altesander Wather there hayres eoect
Fqf3irUQh9wZfVYo,of the apores and Island gent ^m hytle and interest of and unto hounded
OWzUr6NEjY3YVZGn,cerene ifrnein aaiinit
XoxyBGQZpYVdnjwW,Sna dne is e hiss h sot and omes
ijwP4qBPGVAlKA5B,Seea int ytss a wrscesperel theres sy fr
UCrRfeeERnz97Dan,aferees a fe cies eterh Eshaisise Eistriststs ws s Mcss Bscoed
mgILnMFtKaLB35hU,gale hereof without frand or delay that thant chall and maybe lawfulll
VrPf3kTbKOYXTtJP,potte ixcifest ancr oltt of tise Inreeeet billof dile ath ttyess reseevrets cleety thids
WmWzF6lNRPeVzNZO,pasasts upon the rone god tesentyeth dai of ptento
NlBOBfcGvDRoPRTj,Jorkesever he the p^r Capt Tortesenes doten bind humdetfe his heires exccceto
Lqp1XtUBGhUd1xqO,it shall and may be lanfull for the said bondsad Srayd thall his heinexere
vPPYuFLQSH1JCDtK,ar casne orhyfle to any parte or parcell theereof And for the onee fforrvance
1dZ7KBi8OyUlz5uH,hntred and postypomnes of ell constioned belaves mads apimn rente tawe
7JSrigNVLppdQ5Ho,beasless o my assines or be:any oher parson t parsons whatsoever feuhinly haveiing ot
55NbGIVVPdzGZmfW,aien hings h is tagrs snd asiet shsi pitted atoreys
snfGJtHvWOkbb4YI,te retiomes or firnohee my bunsness thiento come bacle with my said slupp for
8eJINnHts88CHgWW,cerecicened Iote ills ablls isu ain riote snielly sl
lpRvSSp87iW3FEOP,ondrs in and onietl ind peares oie afsessie and onynd offoe siy nomye owth by a tec
kzjHkM8AJlP3Xs1t,ashes actand deed unto Wr George Remston dcbrneny S^t Noos
0prQKJOOxlNE1owz,plbrsce cth hatl boe lay em &r Aing nerder ten tretiint onyes sle
2cXiIw9eu3u7oQnm,apeains antr g^e hipee sy the grace of tod in yood oider & ell coniconce by
7QGb002eI7z5qtIi,fernretrs fs thers sars lars brees ferriftier the socosins aise does pt there
WSedRwUx50LfXyMX,signed healeo and delvered in the preence of
jhEZHlNvY9LJI6e6,by thete presents i arlants acquist and deford e boitses
R2eJMJB0xOPL2XRH,Aentes atr ersnfsmnsesh at the Idis
oocBqbMTHbuJFEf1,in the pishe of St: Rrdree on hill abcunasing to yhe lands
Mz64yedh1WyGmefQ,prrss saniet or his lertam atoreney alt thet my plantation whercon
mtvWiWjdlBlzNodn,woeniess oeaierr aned hatiitere aihr lnle al treee loeeters
RweNX3umYRCFqNS5,coverrant and frent to save and degend the said John beott from all
SiwMin5HBUG1EMdA,thr saard isti pasalt menast teenty tums of siegar in Eask wsitts in
lZjt38FJOMij779v,Sanns r eien all the soid
asYXwUZniVof9yPO,& Epreoss foregnnnere & o the sa Scictract tneas fon nl nery heises
8hB8wQzaSMtvyxnt,aand toecce g in thee pareots o at Mretrach in the Island aforasard Wnthro
ew7GgsYRtMfsW7Cy,hraese brsaety tonce alipsely hay uitives Exccuter hamrs & assigtes the the prenall Tomils of
NIq9qq9YUM7ye6Bp,whasseor Bnsing by bupguonents of Idperandret or
NX744bpnegMcCMRT,the bill opsale to Manford was recoreed otho hese themascicres JJany Mo to5
wS2VRJFFMZ9TMozs,and ta ents yedres of thim the said orteph twe thrd parte the
vf4xeliNtRz6jh7Y,by ye naclee of the upper dpesnge the w ch prson being pte of Teo besai
ooUVnEoHLYJWDU0D,the cleaventh of May 164e Reaved the same day of of tho heve the some of
CMpx3N7NQR8vPJtn,whre Atren Acansls wnes Assgrs eearteo the Assgrs
wqzPqv2ppsCNGwiL,tat thsyah Danied Hons beirg one sale s slaver
VSHrAVFZysd5XIW9,pors of theseof the sih bms and orciges doe terets
RzSn6EQy1DTpW6gy,from thee puise ofbingang teereof areid tte send Eaevessd aid grse be oe poment
kqudPHhqTBQtCcj1,ixe Bonqular othesethe
8y3NAp935k0u7KUu,the cotton wd chulle pordnced onthipaid prlantacon or amy part or peel of hm toaw
MSvf5ysSBTMn3nUp,the frame house wytt thatent and boarded roud unaer foote with
74Rkylt18v6usAka,signed pealed and delivered in the prsence of
fH7IpSeltPK89Y6E,inneret for aver ye csard frereolane betores meneeneas
uG4gyWjNufHFDM55,ofttee saids issaad ptantes before the enseating of thiese persens pave
b1G2xPxSDBvFI5Kn,ai Eies s Nettren Rotnrd
o8pqnExg89VHyB5N,por tiantacoee of Itines Hemiett: Acaptse: appie antts & etty sasesps
hmMbIbHGWjn3xh5n,infullfore and vertne Mitness or hands the day and yeare above coatten
4DFTvwqkB2eLT3bp,thertemtt day of March in the year of acr Lord Tod one thro and
ouxQdxt0kYKyUcJT,Gott Srice ther heires and assignes from the day of the date hereef
YTd0NrHcUe1te8n9,Sopsage nis earles Executors admines raors or assignegge any of ther bys mes ty
KE362anQi9brmPtQ,Jsansst Septeet & Acliget ans the pirsences ofg
bwKVVIPohi19YrWr,of thousand dise hundred pounds of neatt cleare cotton woolen
gIX5r3F8fqyQikb8,one apinastone thee sld hatchetts Ine old ace two fromes
kHylxVwHCVlKm3UV,hnd gced y thre peisses nand od tes o Sasesans Lanfully
7FHOPHfsDBf6ZEtj,with ie apfirtences etall other ye camortityes pptss and advant ages thereunt
A5t0jyeaE7anmxc8,esteice an asquisies covenant aaant ans wairant fa ans wsteic
Zw0jrVn7VzStak0F,mee Framceis Hewet of the Island of Barbads plant my heires exers ad mistes
pWrOUWOn8lVNk4yj,Ithe said Heniy tlarts ditty dn feerre of o mo rso
MwELaF3pEhc0bKRs,& Eohristo: ortenre theis heires Exere Admrs on hasignes as his bawfiell
L2IPpIStwQFlVRbT,Eosee Aemn^res & asatines & ettn of hem annall provor tigies ts igore
GVoC0QJfKhKcFsN2,fre acres of lama or thereabomtes scgheate byeinge ayds beinge in
p1IaR1B20RTULvGQ,Aot and seons Gyeiltmader ay pand the ^st osyof seport ietr
nQCtISRtvoKZ4G8A,hott bind hiselge his heires executors &administes to the s^d Sarlachs
7dH3VbsZhTRF94uB,te n
4RqjsMg2AjBmhFDE,diss orier i thea anid isnteedpasetay wpprestgss cafte
cMjRC8xxCWeKiHxz,ant senstacon where now hve contneinge tiventye acres beest more or hose with one
sCYbqFtE5ytIsRYu,Land for diers good ccmses and consideracons no hereunts moveinge
dNDMkewOJ4owOa7m,alt the abone named & bgained five acres of land free fiem all mortgages
Dyt9UuHRdIsmfYNA,therfof pin sthe ssnetfes he whole Cecesayenty th
tes4OChZGK5E30zk,pcciet where of I the said John Jumerhayes oo
T8ftJyPYv0iQS18V,hand with thappertenancess unto the abvovesaid Sicharo Browne deag inisady and aclinn Marlon
lUMhpAMytVHcS6rZ,Evierion denas or hindranee of tone tye toargar
7Rq4JzEjlI6IoKat,excepted natos the sd Evan Margan his heires & assignes to she
yw712llpLuZVSw6L,Ehnins Read and W^n powrs and by and with iither of them thes heres
mctn1udjoIYY1x8d,Beit knoum untoall men by theise theise prts shal osift Thomas
cMV0yUuzN8VKMIHP,provssion of the said plantacon for themalies direinge thie tyme they staye uptore
702F0eMWdRYNu2UV,Enghist t3 Ggds of Eyrene gallownd
OkvzTDVGSFe2GXGH,fortte feromnares wth warranty agt: alt trcofices an ecitnes wheeo
VGgGZXjbLYyEL32c,weereets whereof thee ber ents puttessshand and aeate datt of the fonteenftr
TQGfLR45O0CZnxqY,2th deag on Areaet Mrag:. 16itte ntr ut Supre
9t0beBn8iNuEnWFG,"wvlr wlass Asalim dohes aporesai whieh ig to be& eteveene, the"
iXpnSDdbFgVRuH0a,snris sale of sare acnewadgee becore vree by pachare
vXFhjxy5Elej2pab,or tus assegnes of the Islandof Bortados
ut58uPdIwEV0amqa,ee or cee ly assgne Cose
5kFi0TVUAgqNmmh7,uther of them theire heires eelcutors admins tr orassignes the full & Judtaune
wPZiDXrb0TmnQTqs,doe covenent andeyrces to and wth powathom Barnies of harbaos ofore
Po1wfI6VRSW3AAt7,ane discherge ye sdid parchard exerbolds his heires Eceeritos
6lax00r8v8VLyC1e,and all and benigular the Mares ontnes pasages: laghts daseman t tem
c86nnhkklo3MuqJc,Ridien herviig bough th fote of the sd cohn toole
YLyQ5b2Rzf6QBLrh,Tise a nebse sfe the Shbee Sstilip: Bel and ffrancis
K4umY4iXi2obEjr5,Ine as othies volin tanypit and sod Groes wider my aand seid
FTCPos0CDsLACHVs,ane asopts Enes e in a afruueice a bs te tas ane
FkpT2I6BeTwLxkHT,Eralnt nny of this Island wher aes ors shi son Geo ao
fqDKWuwqVZekK6Z3,thire Appustenances topht said Chatls sratall &oessignes forever
6EeO5ROl3Gb9YAf8,"bounding on the sand of m Johnsno thierget, Sontherly basterly"
RacYylK7G67FCOHE,anforme or unto the sendo Ceopt heny Beriinger and fon pormis theer
2TGciFYft1RJ3Dk5,wilhan Phillps deceased and now of nght and byver tue aforeserd mvesed
1b7lugSCyiOKJmmq,the sare fleate deve ts theers satl wf sase careing date the tweeotressh
HHdZIxIoS8HkxkgR,B4 orth Lgiters anas as halss Ga hacasoute hires as Saven foote
MNURyH2pmsXrbbNT,eperisaid grarchant hor anes in consaderation of ye darwerene
VMKc8djCE7SkK1ha,Tebers abuting upon the plantacon of Copt: Tho: Slanhope Loeeaid
MbgAZ6wguMUKukE7,day on dtnsteon theyears of our Lond God Ine theus and
SYFuvRIv8aLvKWgt,hestes and detraares in thnpisencs of of
5NbeCdSZyB0H6yp0,menconed in the sctieute orereo uteabfigsd
UzE1pqUxMvERztc7,hare to tirse tre ioanting ansd th coserte and prnseente sncte prrttes oraers i
v716qZWLnWbvU1NB,the lett hundrayses mo lestaton or interrupteof of me the said John sstores
NRc7PytMYtNpvBPw,that wtosas tonth o hesoith balinth or hargstys es
pxVJjooKINRwegSh,"Enfeffe acigpt , Aanae ond forfame ont"
vB81Nt5jbfJrqYuC,anes Ao of Sale to thee Contears itt thi
rVq21aDeZeP7aRDW,eines Ies an siacest fositeres and of and from atl and
oRxVhJu3kjMQfB0w,and Dene Tis Tipehas tbe tirs ashor aseoting
jvfLQj6wt9PSQziM,ao many scranted accosding to the severall tymes they have to seive menconed ars aforesaid
YWyEgdzAuVBbksLk,"oly Echaysgosofatms shiled, that he was present ao"
N4QEtRt64ALFcFhh,yhe date heteofssand made tereef bs them the said
gFjcsIH2HzJdQtgG,Hoee heremides wutten doe acknowledye oue seives to sand
A11dEB3izsnTHT8w,Inter 177e oee perecs ixe ccaptmn: Jamnes Suttee Jotmn gease metrant
eqQHpmpurd5ghlCk,five hundreapoms of neake cotton wootancs one thousanor
2LgLvreKZHEBnwYe,Sitt 13 ato se allaiptin pcopte to whame theis preents shall come taniar
LbavDEMubdgFpiv9,consideracons by me aready had and received of and fom William
JQTFjmsn9dLVIdVu,syossanenitencas are alag ftiee anernotrsyg ot lals rte asttd
OY1h9srBAf4MQMvq,Coraderaccons thom shareind ith ding hismers
IWzYVDhhIHeAeHkV,sheleely ngrss ofses aditiis the s aid bargo
P1bdShACyhJqESjn,anchgooos us are menconed as aforesaid except before exceptee unto the sanc eforrge
HudZ7iU6IrFELJWk,hasoment por of th Lomde deps tis dten eat and appnest ote
nldTll8PjEggWe1D,wtteree lins of the tamer a ge of tttee sand abnges etotte reeete of therre
UeTpyZLZbbr5CMdt,Sode ars ohigin ye aant ed nise bcsgne of onr
gfSAUvLw7xV0JZOT,any troue or sute in law shall hopten to arise
dqVFcEGNYV2PpCM7,i thals Gart of the saidypeeniser with the rapsur tinances
YnPXRYqletsVGn0Y,mananete as n ses a Him Thomas
7vtijqVMjkspbjoS,Satndatl h hapgart b r Cin es afae
gn4o7UEPi4SkOFZS,to tars beals aais and cally avdy and the sames deseine
x61qNubYbvb4EcV3,Paey by verte of oufferent power to um granted from the said Chares
kpM67MJQOJ5F8Dno,Shi made homistsd exe soye by me the said switlan
1XD7EifgiCgSzHga,u in cer img is iaird ths the sad brets ctt
i7bEwtSxi0C4MHWv,al nd alse on the meane tyme to heceive the senefitt and ffitt of the same
rqIK6cLol5kw9mpn,Fracce and Ireland ting defender of the ste &e ton Eho 260
ovBEdGBPdthrxr8w,onscerto attotn exeecutirs sct assson ains adgnam ginden oolicoen berre it
27U0RhGDWuHJcsgs,oe purblucemnengasnd alsoer shat he the ssaid John ih
RL33dClGaflmqj4I,wet checres eoton poole firmely by ttiese presents inwitness wvhireo
7GZ1fPVYD1UorhIJ,and appicttan mnsss aand taresy tate tte rents
GVMRRw5P3xChphZO,Ahcas yee theat thesais Babrich Irowat apwrtfor the goores aneo
ij4U4V6qzl8zE1fO,hresrge aro Are peyeeto agesore anor roieer prsod
EbTlwNNBg9hZsnu5,meyeces or one athe oo thes afores aaned aintasion
EAH78GYbkMrS9isc,title oimteret to ame partor pcll of the aforesaid premises for by or
cUeUcgis1sHXaxzM,Ermnos oxe osher thous herencf o sa one toods
vwSDrtqohUmuhVI8,Mronetl his heires excrs admitrs or assigines And for the tme pform ance o f the said premisses
bgVd1eFRblyMRujt,menconed imprs five neat beast and two assencgors thirte fwe hofes tubh boaige
62w4Uqq6HDJKc80Z,of this rssent and that hee the sand Richard Handonorh
rgRBuzyADgvDXY8h,"Dealed signed, and ogether w^th sssisson"
xLFXXmU5IWYpja7A,Arscteges epered irome an vranet baranes taris grstefiss gronteg leeras acsfmerts
bhGDDXaopkuDXdSs,nineo ineete ans oslserao iis presise o
LZcQs2AnoXDJyhm2,wtr phaspsenances wt ot the lett nite truble molestacon incumbrance
DS6LQ5sw9FvKvNKx,ftre presh of Iy o clars balinetenge & besing oor Enfrates cor
HFIc7CiaQib525o7,Beittes teaed dere &e tnp of se teas ar ise ad
YSwlGEJSovDmp0Z0,"the recotd dothy more att large appeare, the sd Sotrs"
l04NvnxPd5yp15OY,Heorge Caefeilb of hodnffe in the consty ofr sarres og off the
lQmCQIxJqEeYQlLA,Inenmbrances wha soever had made comitted or dancor suffered or to be
KOrOAyCeOY4XfzGV,that then the thousand poumes o totacsoe abovespecifi is to be pand ofore upson the
922fyKWVOj0piRFm,fee & th erity aces ois tireatecs ixthe all & cinaitset yes aintoen
YgTh7pwQb028Xumu,wrecenty oovto Isartd fo belg a Edcranes tes ton pand secuts sear Jamcs se tint eevott
tVCX0urUAMPfmCn6,o& etther of theis or any parts or parcells thereof w^ct are reghtly and froperty dee
RsYERcai6whKScz5,fese i snlbns edet wtingset
Yb9n6tH3kXWpBFIJ,att yye exparanion of ye caid terme ofsighnt yeare te
rS74xD8FuLa3X2Uf,enentable sotton aooll to pare or ecrse t hisseds unto shchaves iregorses hais heires ensed
Cb3Ce1pMHsJkjJ9u,Loned for the tie performemce hereof Ithe said Roger Phindall doe pind
AXCBzpV4r41ZiVaI,Saster leraer tesee haude thais 2t thes of meccess 14es te
w7QWdNwzmARUdnGv,day of Juls frid Prepr iny th dastit re tf and the
hJpm4uTMFqOQJDzJ,the sd Jon Saandll his legnes Exccuts & assigis for exe frrsd
bCasC3OjWA56zbim,me the said Capt James Brage my heires exers avmistr or assignes
OBkKEYlyyKW2jnZ6,of thlese presents thiereverst whhereof wee andestteer ofproir san aphers
RNcQi1G6pEFlDb2k,ffsary Meocker of the Island of Barlad os Blaattacnth sine gant
9K6NnVA4k9gUBZuQ,nne for a ollencable ounses recersed from the sai Exeon orthors
9OntCydRRH038Iln,nstisssan etre eswoodr ape vines weod on the said lertestors or carsces
M7Uu2McL5UKt3teW,Ravehin hs Egreest aad temsss hat inface
XTv6wXXJePdHnxIm,Aierenieet aprenreuses tto Sine: Silusoo & Pomel: Ecanson & thes tesrles
9BKOdStw5jHMZIBa,make over and conprme unto them the s^d Marmaduke anol Hobert
Atk87owDbasfkNgX,berefitt & advantage wh: hereafter Smay claisne & disuernd ty arry
72ub9nLjW0T0z7et,Eaterminace eneno every othat teag metluags sstosses w^ts invnavonps iye prenaissed
2Ka0JePDdd3miFSz,asspresrenetness hereints bt preent or turrcastars
ssQSPmbHgGmApkSW,&hres ts heire ertesetors to te te teranso ftto Sity Joten
tNKegMSjTH0wACVO,Geccateres o sansenis Pcaprsce teert r thesoy n: sracna rasors
N24hTAqPMFahzLmV,ts sers saned Appcarer tr hs Ivoustoges fmmor by rreasoon of tris thee sasid
mo4WmRhOOI4ZGnIr,forme as hereafoer in these presents is eepressed
XlvBkU6EnNBYrmRX,and sptt harmeles ane tn dontanidied bo bhe sa
TlAiuect11Kry8hF,pas poa therd eis s a eenad oteent
eGQgzKJeP18s5goY,now tive and called by the name of Bay Free Hill and assyninge
fpCCURZhSWRGGAWj,of St Mictait in the Island afore said. nd did thon dimand
atbDgqzZLCOTgqUF,sh Carsatiaion peepte to whanse thete preaeents gharls age
uNpkKOERf8xbVM4Y,his heris executrs admistratts and assints frever freely and clecrely
yLS2xCPwAl4NqmmK,penall surnmne of seaven thousand pounes o rn
o4xKxTst8TkKOtET,unto the said Capt Gecrge standfast his heiris and assines forever mooe
2UUoiAOesot3dSQ5,of the m for the us aerisaed Exres &ped& Serte
BaFLJnpQsdGmU0Zm,and osselutely gant bapans Setl alyeon enfeoy
JrZDCLuTqeOYCAFu,the said thips tterifores Ithee said Richard Hoks at the regnest
gSRiLOj8cDjjmcYn,Londsad acbe shase s ^
my726KxTj4xuICUV,W ae it acen ndngns exa
j9U67QUbLrtV0CZ1,oy the ont pte of Henry Stirms and on the pote of Capt Sandhof
Kgh9WpxLRT5MA0zT,Ittn aaced aad tercolad hin Conar par tlig Int aned ove ttee therd car of tfres
Vm7Q6GOmR4tJ01PK,"Tia^, and phontin as i abone Eporesed&"
Ox1UmDPioFzAcres,trencenarnyecenng metie mweraseene ade red andreearo
fQt5V9uSMYrx8AJW,aned so posite ns soste aerttoes thynd oe teareey atut
qYsvuhfAAGjKFO4X,Tobaccon or Inohigoe necordinge to the worth thereof thre humderd thereof
19fRhOwWMgnlBItl,afficefthe said Creid bing then chere im
OXn3RB1gnI1S4VXB,oo an heeveer George heas heredibins ans eseectins wdmistseioneio et ceregs
0ZJN2k63k8UR5qaa,or preiais belonging er appertayaing ss have and te hord
MC84HWMLOKxgPqws,of At Aouetes Sendeth Grcetiig Oas gaid Esoer evlasting
rHz4HLN7NmBX8UZc,and assignes into and upvn the phurtie acres oflands now old hythe
OFGbN8zruZJoErUr,mnare at large apeace gieeing & hy hess prsents qvantinge
zXkX8VUcpGx60IJz,aforesard amount to more then the said Tome of thousand and dise
3fZdCKHppqZVlS7P,end sevally covenant prss grent andagree that the sai Rolt ttowrae te
urs7W2cCW86HTLRA,of lernes with all growige or bang thereupon
nExxVYFIxY2suETS,Gromwing pncreasing and Mccruleing or whatsocie&:
7O9LgsGDVShMlSRM,as Csoorn fotur Bantey and ffraneres tae
SE5lrkQlE2R5Ps4U,tanaonens Isaes easnes eayee
hVXWhHlTd5anQ66r,poden bhe fae gnutome as a psrcsoneer ord Thor
In6yamaGE4Xz6sD6,Richard Iatson and Thomas Clarte of donden merchants part
pJSGHl1rvUiDN1Sd,date with thise presantos thataf it chall happen that sither of there
WVnhzb1mQF9PGUef,under their o any of therr eccasson acpaner consent
51DTjBlUH9PrNZ6I,Entet 13^thten aporesaie noe bif thease prsents consibitup porat and Erdame my orreey and well
1BqabeKeQX2P7V6u,Eeairss Jad At phonsgnes Monseigald ames in te yeare
74KPONu3OujCeECO,and W^mr Meth Sogether with halfe of all commoditers and profitts thereunto belong ingy aitie
DPEGR3Rb92xvQ6Ni,day of Sasrnste y the yearety reat orsand of Ene the
VxpU98eVlkxkV3Xz,tha he e sia ei o tguitt al lease
Rrl3pBVpCqUQnDpI,nf h n ad Iany of h ^eo o titen and
E3Hve79LWyfaAO6r,henton Ane that tos thee acts anebunens pcarations and anstte writings whid
3sz3PDoHz1Y3vyMa,of sfres od hsee woiers hies ilcith Executtors Ateiners t&
KXrEqMnOtXEyS8HI,ogart thereof being gort wat off the boate into the we
sMtwgKGnjQEo2gw2,1h tessy evide belenageing or afopayeeing to hare lec to hold all & scngeler ye asoores bgaiies
zhnZPQHD8R33IjVL,ow and tby these prants boe prely and abotilely gove grant bargaine cnone
Mkb5YDv17DtS2hY9,&e sare gornes oonettis his heires andtssgresor sver
9vGFVwoDexBXsgu4,aeutrs at e stid af att the ss att rges tyhe Guereg
IxDaXOGyUl4bN2xX,toreeranineg the sremisesit acandess erson r oirsons s thoiver utpeteu- doth
pketN5vICdibE5Rd,Anry of tre apresans barginnes tennies dey his or hhirs meeaiis assent consense of
tIxkydO4Wj0UpvsP,wanes an meens borss th toiseeuatliy rigared gron
R7FWnEsXrMyzy8aC,uryatt y and spose of atenipine orrenee froom and aftor the
qOGvAQ1qwfagTZFp,"thee trs ext oves card, shry s actichad thre porso esetth Geesars ewte tettotned aveed"
ksDFdORDxgHS7zig,toill of t dige y othes things whiff nd ge the po ae e
KzTOAshzb9ukZ8ND,remranted unto the said thor oomby his heres and assignes foever wth the sately soget
xejKRSrtgYtMXkvn,rsignes or of any other pesson or persoos whatsoever
OTSXjEyKuRG4JFd8,"Therses, Cette Afnicers fart, warte seabes, aistren"
drXzeIElm51q0y1a,thieses anto Heave Ggrim Grantee bargained and soile and y these ants ave gnet
iu5vQ2tjqvJYBzDl,"fore h Enperaosle, Cnniinitners and assignesxsrly"
pM7YTIjlfZIbRnLy,Heames in the said Island and bounding to the plantacon of tehers
uvHFuxiSswjKzgve,signed and pehsered in thee presence of
gxlBqs9wRQGVOjM5,Agrscasinthy a one sse in sise agcdish ontofs ohmn
V4i3erXY2Av7YGr0,my heres os assignes payeing fifteem thorsand prmds of good erch antable nect Ancleeve and
r3kzwl4D0qjJB1Ry,Evilasting Knowe ye yt I Stobert Jea for cies good camse
8Fmenf2NXZD5sKph,br Egeetien o tht s^e Doretsheamos o In
fodrt1WJWI62fZTJ,Waret &to 33 accorteong e sy reses sntent ants pearpiert o them thatt thiee
qKrzkt1xutbC2F4a,fn he ns Eesed pmsa ay a ersain g maldr eheim
sKNIHFHiLJGFjDxt,aoree tare arre i orncee &erees Dett oibisess
2Ch12a3fsE3IlqZD,Sarhs hs nnie taredsangeits
QBIdQtcIWw7b6MW5,and ngeage the afores aid planbason servant godse epf and neaeonyes
Z6pSLzSNJCt7GyKt,sioe mmen servantes drringe the ages they have to erve thee invaiiei
IiyM82hgznnhKsl3,to his owne pp benefits & use &from him to this heyres foreoveralluaices
cGi8g0iraD1XQyBs,"Tesand Hols Eeguty Geossiy of the fit, Iislam"
uGSrSZjDBHA2fPZl,le sti is hnsalts od an lrs of oidses yaty mns
E8hw9Y6DA60PTYVz,and dohever app unte the absve brundeo o hn lllima trie and Justaparempt
f0A4hGIcHgKaq7JQ,fos te peertayps offfice of thee Islane of Barbadss bnfom mrs eatrard
uXahRvvzUKN9b1lm,all whtwe covenant to doe and pformean wittness whereof we have heraunto sett
Zaf6ddUcLdH0MLpe,Exacutions and of andfoors: arny other titte hrouth sharge or
dpCnRq1gzEIg7j5D,opeceartityes and all othier things and things w^ttoever w^ch are rowe
Uhhw3YQkiojJjllJ,"Etilt, sorracet oif Copesers anty of theeme wothe ared seat ter aroy"
iL8J86HpijbZRWgi,npedfull and convenient asfully and whollyase myselfe mghes or
oVnnxgcqa6LAhrPL,heires exeeeutor admistr and assignes for ever one pcell of land
dJDRZtUbzq0aVnLe,thembe fith to sill and further for the noupayment of the sais hill or any ineof the
7S518xIuCrNe9Wfd,&to all srian peopie to wnorne is areoint
r4mlsqSCqfFwLxwX,ane may be sawfall for the said shehara Rose his lawfal attomen cepret
Cw8GtsPT0zAZ7pY2,weitt alier ghass as t oee in the hindoles of the oi honse as his forat
FzxDIA0BfcSPdcb4,Rigittian people that upon the ceamenet
PbzKB8660JdeIyTC,of the Islemnd of arbodoe pramter sendeth greetinge in ous Lod God
9aJ8BZf7KNn8eqTx,cotton wooll as a due debt and in witeness hereof we the aforesaid
Zk7VpHlJkvJB9DoZ,antr B^e dee Greares Exere:s nto onns Atadieen upsse sanes aslinodl hix hesreo ot astierees
ARpa56AcabjYx10H,thall doe or poure to bedone i t aboutethe prmisdes by vertue of theroe
nHb3j9bREzfjpLzR,ther and Apeserarer tar esalleam enithe as asitn ois terracls Eoasanrt
rftfG6nZjIuzLOW1,Atly of this afortee frmisses i by or theughs hiis or theis ircans asset condet forevite
AGJSI3PRJAWec7WH,ofher incumbrances whatsoever againer all gersons
Ql3OxzSnD10FQVng,usd in mnistrators or assigones fllye oese
NQbsNwD73PC6Blu2,uate seth his hane and seare this nnth day of ray
QpKsaF13fWCpQsor,risgned nealed and oelivered in the prsence of
RBOsSN8752gfZ1gf,overlastinge shat whereas s^t eorge Sastings p of sguetsn in the ting dome
5k8A0htXu4tnTZdC,eexers and ad misters in the penall some of teme thous and pounds of-
YjpQXPO4PiryJFil,Reeshave ane pe hole the sai perse lano ane
rFAa2KA0S0bPB418,the Ocrisee leice mcsant of ye oir pse wetniesitte teat
h3MoGH1SV6NP3x9m,"wetemasand bartgdny yset, aon an"
9IqARB5GNJQUuMo0,infitts and omodities thereunto beonging or in aniy
zQtO8klRd2LqCcvq,"ys eie a tii tacass eseihnss, yeasenf thes"
xuMBOp6cWNLm2IsY,tobe pad unto the said Johor dewis his executors admenistrs or asteigne
81vwmkBCNMjr31PO,constouceon &:nd tikeviss py saids Jh biide nodniace (does
pVcUeRzi9nr9hKaP,on tho coast of Firgine aforsaid was ceprered drth a cortent Sloine
dUZL8wpBWDOQEO53,pisuet allass pales Cocsers Eceefts Esyte wisrtgages saynse o olr erss
LSa47YGDGTUHqt2o,Irmes stnds areeting m Or: Lord Hwd evlasting Know ye yt Jye ed Hegory
RpF6LjoDOqDqQa5Z,ne same ts heme and to houle occipre and enjoye to hir his heresexers adsstrs or assignes
4GprGrMjRSSBFUtI,alf Krpiain peepre te wbreme- thrs preaent wrrteeny
bjz8XDwvqCwmZTXN,e er red eales mberchar
p2adDuZhqx8PeZHo,haninnird otnie is hir rand et seis waisad gee
zmntcSQlQNnFH7gU,A hall come dhe mgis Snsand of St Lurgedo the Island aporesaid
2FQY1OB7TWqI3qXz,Ereasaers storte tonh ales tires acablr tos arhs brasses stoinr teeros ales &tetrs
BuYiprPfpJMMUMsX,and melaller houea pronsisns with tris eves fire fige fre dainghull loms one eoche
ahHQrLHat4Ziu6p3,theis psents in consideracon of the somes of eotten affore mencored the
2eSl3HNp5q6GkIa6,to the Dagoter hs her dgerof Sghso wpsares of te
WdcgOY1Dbh72kCDa,tobaccoe in tortes will cheared cottondue to repard on the firs of lferittneat com
shBsU74RrHuN4xKP,whereof yesd Wm Toster for himselfe his heires Ex^rs adm^rs & assignes
tUWBqSZrLmOzQ19M,worllator upon the last day of sume in M^ one thousafd aise hundred
HQ9Yj6u1ZqOHdvSD,bartabresss oie sethiopt rophestnfal: Lod an
LzO6YLPcno5mC3pz,suitt fifty hole of Nouseinge upon yesanid Semised prmises and what howse
LFOBCS78FUA0kjGi,Srneat pott and five and thirtie ihace tise harehetts and td bills ne toad
axdjwQsKEkRW7OoT,caiss frrdiith aoureitt aro nes thr cait fopn Bariereh hatf
GaXcrfDTithUvvp8,she plantaes n of M^r tachard Wineo tt on the rocke lometed and
AlxU3viwDAfwbTT6,Crecled resel icfid e lsie Sid sromays
69wtHsTCn6HwCW0F,Ey etimation foureene acaes and hafe thy three
sE5s8WKQjZKU67Cv,this Indentore made the 2e^th of tovambes 1ooe in the sefecenthngoe of the
hSIzoKMqwqg0nUXJ,fhe Gilles oslateed ceto sy paineg lecaeetoye Asaerrets on asaielg scs
zIewFQVLbo4MlXpx,as the seie constituant himmselfe might or conld doe personally allthoegd
yNwwTjHXzl6UbMPl,terme of yeares theey have to srve asby ther andentinre dothe move
SRTdky9OaZf0jE7M,to dep^r this Island in consideracon of the before reated pmises othe sd
33UUU1NLhuhZ9tVg,Sn Eecdtors and smenistrators and for
BOUXj6iFCDDnn8eA,Inchetinges to yether wth all other appurtenances thing & Whrrgs
dFwgBDVr4ZUHAOEm,pxet teoraore aoves o agrenittens or he:es pe
sDv5SOS4LXJpxQGY,Harignes from the firtt day of May meat Ensneing the date here of
0ywPYWQA23Hs80Xe,other tleme or Sans ty samne b telled of Knson aid Wheeds tno gmher lafor
AfyziagAuw5uUCRG,Ard appurtenances whescoever to the said hundres acresop hene
dKrQOkQZYnQgx6KA,oaneaatldcn mare ed Dis Chirtenth
pVgXk1ZQ54nguvvO,toledefreso Ewnistannts Ger andt ansod targa ge to sased eith tter said taimmnnels
pperXBuR7KfhQABx,sxersadmistrs and assines in the penall summe of twche thousand pomds of food
gGBAgDQUK0qwqLfX,to be paid the last of sune sickene hundred forte and fower and tor the
5pn2VHjii2irccuo,said coapt Crainell his heires Egrs: Aslm^r & ase ft perr
TUr9y9pDkhAl4U9z,ptral comes Sccotvaye suerte of the sstand aferesod iraanter
J4SvuwgRzKUnkTsc,tanrs wttes esgnaa howittes sitne saie
a9ALiKAuyI7v2hj0,o plitreses in vttniees neteof e hanes teremnts ilt aary tand
GbhVQDlYl1zcfA4T,"houses & confoces then veinge Sogether with one Iron pott, one table loard"
qDD2oXsN9qpQe05Q,ther said Richard Hewbold his heires and assignes the giet
B46VPHzOQXczPDot,ard oele einre thapt: Larres toririneeavces peland
JoLoaeTOdoe5c3ve,egrrsirnes and by these furesents hares from oir Seles ors
k2H9BCkGFEqFYIy6,mias s ntan fiting me i fomeer and benreit
1o1fOWEWpcoolqLY,yecs avluasse exys Aatat aeite tes allres oy hercaftey Eltitt lees Atses
1vn3Fex5wEphbwla,Witnces my hond the 16^th day of fuly 1640.
96h1x8Ngbod0aigu,and further saith that W^m shoy wloed of the sad techiofye Gust and Jolen
IQMKHtjbbol8y8Zv,po sebhes aanry eieer therm Con simo
itXHlTCt3SynVYui,&oany pat or partelo the a bovesad fargeiined osrsinsro sheis ah
v5OKo8WdXJ5j99Yl,"e Sary of thes g^rsont:, dee add at all himes hier-"
p58HiQ5JWb10s0a5,Walses of cared slornoltige & faltan atl wth as theal abd boeuls seeler
3BYU7VWdZgJy8U7R,esentors admnistrators and assignes in the prfitire of uipht thousand
IXifTv5f5EXvbU7F,s r s te the amest
XjEmKAVf95uM2CB8,whore upon Itter said Refrty coritare dled thee sacnes day rigeavi
nM7Uza2siqbI9fDs,Beeagalars Inde doluday of bmiss poesend
zc4rIwoglmqP6qnv,the came to mee to bee dors by hier trce consent
B5rJe4fcve8XkKOU,and ses and Iil hied s seery yeicof the sayd o
ADmpCqyg1i2fQu1E,2t pcells stireo as & bhuill oes tucrtyt aaynstees Esomoted te
BAu316eOn2Ar0sPk,Inrtr 1o die To all Ahristion people to whome theis prsents shall come Richard
BRlGVmrAmmZtRHIM,preeces of Aatisges seifes & writiang Bowhes snall toors vitt
NzLhww2DNl0RTZt6,Inte grant bargamne and sell unto sndrew hwades of the Island afoesaids planter ther
0orOOw03WW9OTxEp,Toprove the dott and the Wl topay charge of Cart
gce4p1JQiCled3Wu,baris ohrist Thuren in i the Barbadoe wish al ae hous ine
WxGJgupDhrCpjgds,otherneatrances belonging to the said plantacon tohave and to hould thesaid prantrcon
pQprI0Y6VdW8oK2Z,Barbndos to ol XJepan people to whome these pnts shall come graetige n ow fordlyod
0WcWUCInBgV1PWpt,Stave demised pranted bargained and sould enfeoffes asseires and eveformed and by theye
SDRwtOeITUjpYBIG,beore ons thais 24^th of aprses ttostt before mee ane dics achr
HZUrL4Jfh9HQt3ZB,Roetr erper.capt on nere personaly applatees
1XfvSly9zx0vK2er,ss firlls & whete poesers Srnths & hassfilts aisttwrety Aoncerran
BcyzZDMXNHAsLeix,tend at the tenen of Resaceitinng shor of and f roms thener forth shall
fa3UH8zgZ7yX060q,above menetnee haremisoesacaiseeceeer ereriee
AtTdPWkSx7s40lBc,Enseatiasog ant ehiusey tceefiee hamd poaide
MHZTLv5eYhhxFI5D,all and Singula the premises both theise andrwr
2JromFMUFBB82kFQ,esters admistrs and astiines ovever one eice or saneth oclane serig
NnpEVX80vZVynzl0,Halns hande conte ee one etye ttexe saiss hearmg shat rtin
k5gFmMjN6v8D7QJ1,and adveintages wtroutr eod nor are heseaftet shatln ntones ufor the
CRh0AyMJVsgA6y9g,Whitaber Sogetnes wth alt ftts priviledges advages: & comodities
akF8wHHY0UqkxiVX,Carsor tin heines coss Hbllseres &agarites alli bey pithacon cntayiigs fortts asses
MYeqM6TGBcLVN4u0,aame for Gondon in wth is the Seaflower Michaels Caston Mr the
DyDYB4NNgvP8RYbD,woyeff dey heirs Reecitss and adonenistratro in the suore of aforty fere pomn ds
rLCsCJDdBCPOQyss,pee inds l t s Sntllegomn or haid
ZRSUoM3yHulCOae3,acor : &receive of & frens airt ssens orisone as ares &y &tals ee ecarigeette
RzSuwJYATGT7SeOK,tey thes aberees mtines hasasd tareaois & tenrey Mllills of
JCf67Jruknx0QrV5,te afores ard five himtred pormcs of inccoe whether tie accoresaice
TzmZGQwO2YZ8z49Y,ool ag sanner bires at thes pirsenet anftiirly Asteed tpee aacaie
aKGQO4YP15A1mzDH,Apais wastikea s Thombrid Bnsiael and for ied
JtjqXHE7PQkKIdQk,wney ses estarey ores Esrod on tog thesi
vsRXWvWYDsKGHTOo,Sndtaine dy opth oner nteneye tenr
iR5t1pHBsKdJe6cG,ofthem formly by theise pnts thatye s^d Charles Stobert his heires exeleuts
vTuWmSJZaxmVzvNO,n i w ofe i wras estem is thes sustnad
5doDnoFTJXrdyRTe,Tast Ropretian peopre te whiame these prlsents
PpQEV1bgqRUb4NwT,and in &esares and thirhe thyear of his afors sid
ewvmt7GkagjVTJrd,Rleriner hefore til Slelersy 2 illerly hereof Esstun biroases of thee Aslane
odVih9STjyUbS9Bx,throcsane pands of merchantable cotton woorss aell and trneny to be caidd mes
521Zvhc8Ddk7KB0U,threakes his heires grers admistrs and assignes forever and prrthermore e the aforese
3gv0CwP8Q3i5lNud,peind and eale of offue and oveoe ptsent and d an the:
bizMXTvECxiS6BAJ,thege homas Risloats and hilgas pr teit smi
lsm936UbQfEytAYr,Hendnicke Kreas of for sume in the promcce of holland marrioret
n41hBVrwRQMHj75q,Ine prof Shamnist deather Bootes & spires.
g3stqtASZxFtHeZs,Ws elayny is his he sa soge C
lyBrG2tNPgHPzgty,Ie Rites ons Ehrs aseron yebet and Ded
MyC7cBaxxJPgE3o0,Said oton oreky ane aned fron ge sapoanne oroo anny tigiint o
sigJLhVtiQBMoEAU,unto stepten wooe and marmadune Wood of the Islgnd afor esaid
OLTEKLa7ovZW3MDg,aenses Mase kis pratles ow foliith ste of thes ad planstes cns
obahhnesBt1tlfsp,Gamier and Sonithiceofs onthe land of poeter flandcort
1nzgFYbAeF9OenRA,sared seaven acres and ahalf to him his heres exers admes tr ans assegmnes
cEUXGcBHzEZZS0gC,reshes pfitts benifitts prooisors and comodities whatoon
TmR8M3EyTpvkNsAe,Birsan s tehe or de sso t ts ton Wamed
Zd5zAeuS4twN3GvG,Eandaiss Plantar for asvers gooe causes and agelinciore
c1OFprS2BcRpgAgo,wheness evos dos thersby actnecedge asdenoref and of ouig goart there of
KFHUOFFZl4NoTsma,or oersons we soner thas wre dwillag ie batiteing orsesedeney ai tthe Istand of
4WIMUkkKOc3zq0gM,Sehedy Sae and paine tir ofi epales ote or
nFsnJ4OFpsudu9kh,&o tht said S: Hsietreks es iyerrerentes of ptcon sedaie
McBP86Db6Ue9vRgl,prelid aceitfues peoisese warfoiges the sd hrilses psanto bv
8pX52OJI5t4U3Ave,the said Apearen o the said eputy Secelary sit
QFUEX2KfDtne6iQt,In these presents have bargained and sold unto
dNW0BfRW5TCaVRfu,fiat which prantation wbately purchased of the said Nicholas wyetter
byJmrXlAbxmp3HIk,and^r adicanbages o thrs and send belonging in anyrees
kAP744EEPmW9susP,wonpared at the day abovemencered that then it thaln anh iay aselanaune to anid for thes at
WoXZ6UYpg54lU5yW,fretey and effeet nady as thitew of the ptace will permet and eaoe the
15gGUNhshYgFmMmX,To al pian people to whome theise prsents shall come John Lanterof thi Island of
LfbGAWTdsmfEfx6v,Signed seares and oeliveree in the prsence of
ubNuWFXRs0qoamtO,Snnoresaid Planter of the other partye uitnesseth that te
MC4nLZH8Vjr1TvOR,any ye oforesaid premisses when and at whar ie
7WlnAQkE6oodGQKa,Ay the publigne At and Irserveneat oftn
OI6ZiHyocrb61iMB,yake ith likte or limited powers ndes him to matte d sees titute
YyXllz6GRNEumfeV,to foils the dforeaid stertaton y rls of sands houses
TApu5dlcadQVunsE,intrrererement inwitness whereof the said John Cowp: have hereunto sett
PzlsOc4M7ASOs1Ny,"yfne the sd Aconner, surt nof brectes Eecers or hiearss ang prsoe or"
iClGB9vgI6hsXSic,onetnitsand seotiadred fenty anasget
NokGg6Y1z3BvYVfF,Tharsds Godaenth: bogethese with Ientis t:
Eb1qyuyIKyLG5E7b,Ca den wit sever at Goodr por seeerall terets ants decconipsds and
opDwjrm74UWhcZQA,of the saidses thire to tuke in ansuch sadinge and freight as the said freighters o
cMC9kR74WH5olex1,axeentrs to Capt Johm Stenell decased for and in consieteracon of feftemne
ToKAwatPMykDmi2k,& tes frrs hesrts Egee Adir & assiignss oennye acres of sarel tis
Bg9paZID0m86aI6K,dr eoneaderation of a vatnale saepe &geoas in hiane alreadt
sMbHi4taton2ubX0,prsnts to desend and Reepr harmlesse ye sd one acris of land as alsoe ye
jOblj0VQpkGVSImE,thousands porndo of merchantable cotion avooles to benerr and bearteg pae by
ekBrAtEYexq8pUOF,pantes andogents asorwites ie wtre whereof Itherabove named Wo Whalpes haw
DFlEV3PWIZgcxbN5,ftre aforesacs eitiie of erendon bree pust sormeor somer of seset hintred and
eYtIDzLApNpJkEye,said Thomas Bathn his heires excers admistrs or assines or une of them or ame
xrke6aylMX3rPfKn,the abovesad ffsone acres of land totop their heires andt
WH1seRr5kdj4sHtm,p tere adyhsite ehe sniges
7GgPAzcjY56HX6qO,o aprancell Mavenicke doe by these presence hinde my celfe
dOTZQ4HsAz4RSJ3t,Knowe yee that I thesaid Richard Isham for dwcrs good causes and considracon
QOG2yyNniEW9ITqg,o hl condicon of this oblgacon is such yt i the abore bound
otVJnhxU0YjcpSCP,ham wskeet one camsas titmakoe one cartheres poerenger one sallet dish one
vYAQ2FhjvxLov5b7,Larrones Athite or e one prartie for oye cneme o ave
ZMbGQqENZ81IUcUg,Jis saidr of the fuicl er frten iy aoar dinto
hMdKnDx1CWDa12C1,uappectiey to Seeve upon or belongs iinge ts the
kBF5EofZMXliCPyR,bbed seg tuse dred sixty an eright: And in the lesintuste fear oy te
J1D4psT3bffqNZMF,all tims burting the said permes hereby granted for by ard und.
FbnhJavmQZ3XmMzk,hie bill being dated the p^tt pammcry Woy nsis to be payed att oy
e2XrCfwLagg5kuai,a te thhesee bcasie gatte nacith andpdecthasiisesthe date tsies fer antres
3eKfiYHtghFodMIv,Actaser the said Rrigros and goods to thie said td jats for the said Cornsaainy
rTbXQrcrU7yvQxgf,Ton a bottle of eperitts to the store house
xF1aTKb8UdeOzo7T,Mraham heneis one bill of five thousand pounds of to bacee ane unt
vnv40Oq0lvOT90Bi,day of Octeer In the Six and twintyeth yeare of the
RgC1xAoKqLa8q0yu,"John Bartigh the Segvers of the sd bsill, as ais"
qrEhcydYzdBD9PpF,at teeoi see in o Sletereccr S hatey saiang
xYmeMHrXedQvbCuY,and assignes for ewreing and buge ths fiee and any torme of five yecores from
AfrULMQWdY4R207N,Ssevareds to boe paid by Wilpon shesser oy the pist
eZ8K5NS1WZcwe8AM,fwr thee Dansd afrify andad tter Walle of teve tnn dad prvasods ther tesg tentourg an g
g0xyNgrB8RgyR8te,Caleld hnstipes Eetoed byegoed lard: ensaid Men
umQeiAbxuS2Ftdi6,or ese thore in and Ensand Ao Thiris fforsene or
swVhCoyuJxscuUKe,perenne hayaen nd pgnesangne gereig
fkLVLXBtkzco91pA,gieinge ais poerer to disfose of land attached in the behals of the
p1uHuXV9yOzs83zV,Warmes my hand ond seale this sipt dayof teptembrs nmne om to4tt
h4tpGDZBEnJPtphX,and I slane Martert the rccrpt & wthitfe I ttre se Reor
64qUUxr6ig0JwRsx,I Richard seoll doe asoigne all my rght title and interest of this
gcYQGLdEh6qcetQa,lawfubly claymingd any right tie or anterest or or to amy pte of ie prmisses
VuKEPOjl7rjiHrWI,appisirest my hanel & Seale this t^tht Lry of oecetr to a^ ett
AqyPFKMEclrzjNMR,aces ofland or any part or pels thereof by grom or imoer hithe sai Richard
LxCkJ64x0X4FvOTK,place tee perere tom the sand brovenen y to acccpato of thee said bill of
EEx7wKwCYpV6WYus,Defopder of the feih er y his Lettern Eacenthe cims or
HBVE8TrgzoFXficz,us cnaraed or hrrd erore all and afe maenner o wenrner
o1YG0U9btnFqfOkB,To all Chnistihr poople do d fome thee po enen
mzlMrHMFHBgRdPp9,Jhe Watkeer go: weefer aitthe smasig artin ane every of theirrs heirs Eans &
Kyj3tkAwDHXNWZBZ,Gotton wittnes our handethis 15of caguet 1642
wysgJqXKm0CIQ25s,sared w^ hiteher with arineage an avcrage accusteneo an witcets
gBzw1QL3utv8t7Up,eadassee idittd caig this heires age
NUwdIzDjUjAQOBlI,"Lagher ine ans wife, ts the within Fances Thvmas"
L58Qisgx7iG9BptJ,"Egesto hio tfhe said, Wohn soie his hoires anes"
4cyrK32RpExNYass,at of this Coumter y Entituled gnetet fo laying an Iompe
uRZg77qeRotmb5Cz,Anleins Bn egss stemn fspto ss oatde
DgpBJt9XgaemjQGY,& apinar on Ataserisere an sreght alite at ntaseef att ises abinestse
15tNBocSL6yAz3CW,in the Is and: ofi arbador egentsr hiit hesses and
bBULwtEmuB66qiZC,coireaind cmpaien pcgniss anatta peinguter other Ihe
ORoApKjBt6MvCIin,Toals pfinan seople to whome the presents shall come Jomtfyes and grtoge
XjDvKAcJ6OILWvJy,Wertenally apopseares betores mnee toe st: dmy
h0Hx8gW7g0huVBE5,vaise adof at fthesfd William arcon havd inmy elfe good right
z76qtf70Wptn34k6,and boy theise peurts doe give grant sell confrme and delever the moyete or one
hPSlK2tA5qcpegIj,Bortod thas on thy the ses assad y teneny Ansr
k3Ludj3zsGc0gBrs,achirittiges absces Eisees nsote nidtr tiin is mhake aratestesstchate curidoe
nRJwPrEJWCW3SlAH,Ao es torotian peoptes to phome these pres ents Sitt comt I snamas
bSfxx9sqNscO1YNS,"theire teyes ther se dnegr ang of tet , on the so"
XIxVoy1WiAJKcrSD,"ase: ists gonds setito o ssy tiarnise wtais dise t ye s ol Saist,"
6PKBkMerw8LFCpAy,tse stute male he fifteentaday of tebruaris tegsa
1jJ8UMHBhXspthdp,or ly me the aforesaid hobert deces my heres exvers admistrees asignes or any one of them
wZIAWLoJd1y0HA9I,aand apolsaid ns and ettisr ofnos oree popnt an severat heires and admnitiatre
UfdjyjoCbxcyYDRs,Set th hase and Seerle tees teitadas oe tertle thf
2FoTCZS86hgkiiV8,woatsolitly ave grant belgane sell ento soaacestis seliers atm
FfnztA46TmvfV7tu,Walnadslesoidngid orabions us heareunte moweiny
R76mFVmpVp3qnom1,Island of Barbadirchent sense th greting iour hord God Eortaoting nowe yaithaf
J9LRgpWJPYitKACf,Seamen or ancenghet or tythe thereunto on witnes where of I havehereanto
Vwtp8ezOoKeuGtAr,of god afe Ens seotted rame sietanby se ander of
nyWzi6CfnSwGUMzK,"teen got his amned fii one ttsrs, alt: etre sacise nretitt dcll ithso"
PofHNMxLpe0fUBRL,Thooe as farnoctt hron ag and ottrers concaies
SJ7RMMQYKiEvfSFv,Know that I the aprs James swectmant for a quantitie of tobaccoe in
bhpUnYkbW4pr8ZqL,Eell friss teiss 2x eeiitoes adminsnarss anetseeiins
jb081d54URHsG6ri,terrs: admrs hon the creditars of lapt tithav nieh decease
mKiOby0TYbri3Lsj,Appeareas did then ane there request me to dran o
ZZQlx47hYkbFntzO,do by accheaule doth appeare wich peremissess the send Hoervy Hilton Ion
QLFUZZ0SpshJwTuK,er eveer avccniet thae lot tainiidnnce wnoiss racton tronoles tr
V55tN4InAFHqNapi,"Jhroty atle yoceing mepsand on tran degroe, wherf"
SPgftpfVdDvo3MG3,oene Ectosas pantiges pazeets of the Same with all
K7adREd0gFJVxbUl,pres tires anar aintes to tirtr sett accaiittttns ariers
wZexGxbex9mRaeCo,camne istiasors or hdignes one parceth of land containeing fores
j7BtndlN2EcIeoYF,Eds gndhies hhtme fren moease one
oA3cnDAIVegRJCTi,Toall Apian people to whom these peson ewy tinge shall come I Thoma
UJ6Fyqg6lAg5nQ3K,Sattrforcersif hrs anred ane t^sah toces pcandes sy teers sh reseny
pXkaiup719W4qkpI,Earces aren r toee _ uche aroas Asewastets arrets
Ke1qYYr9BwtHqada,poreusents at g apor grers tae day of docmeer during the
HvrcCadJqWfvKTf8,fore esreeottteat furis sarsesticein ighest the iterest preperty olari
Xf2WjCJKyMvf9ZNP,Adrcery retesses n trand ane givere yroartesd rotng osmas sotoy
5P3sPZybLgihb42q,hngieed sealee cae oelorea m the porsenee
f5dCzCDVCZXI2A9C,Loed n o tet be aned & sap the sheres
hrcwZC22D87dix8V,W poeatos antconter sar pos whatseover Aid that it saal
4oW757GgABXr9KzL,Antes it 2e^td ofrace : 163 giveeng unto misar attorntn fltoieer tese
YF9X2xNrRsPp8s1G,pssnce tvhets o eeeras hr acore tasor Aneacte taytor anor
gCVc8yDKYPrKcFIB,place oenenings ane all aner tetenears wshateteveen tner y siral
KKXWTEqiwUs7kOLP,pe sthe Sonltof ege the sone i oot meer
S85S7ZRxRttXtJ2t,nwe a^d sis prsent writeing
D5sRIkeC8wLtO9BS,afores aid planter his excers admistrs or assignes toance the said W^r shenp actor aenre te te
Nwtv0mTWQZIf7WWD,moteages and molemnentes wtsonveo the land scepted w^this dueto 1^t Thomgon
D28BpdL7EDoLP0GU,Srgtng ease poree ardin asietutteyecrd o Recesgne of our
rTkMSz6oYAqe4lkZ,targeide and cle Dewameing of perard in the
AcK3oVjbqJ7LLUAs,Barbados Ktnowe all men by these prsents that I Heny Lreaves of this Island planter doe
5oF43qJZVZUwU6Vj,for and in ous desation of theereiits and ovencuts tereafter an and byt
DKOOliqFzP47JBCc,ontend tne Chousand prt hireced seaventy and ffooe
jmvoyK1pFJP8RvqW,ware Wrsee hris heires or assignes stasiess my hoesd thise three and twennett dasy t
KgRK3LcGjeQnmuz9,Ebahe. anh acliere pfors wviteine aso ars act asc alcos
O7aCNAAg7HBKvEjW,thr abore Gavored Jams ithrrpe to the abone yamid Thn as Eblacott
mq4nbqN0IlbYD2ca,"aleane dlficiitiones rof foriss and otther qriists, grants"
AenHyvr2SLB7zdk6,e tyn ass of hens tpesshdppussenances Contame
djhZbZbYckFHBtQN,At o isaiessh etat Bet ^e Snom: this prseasts
oFaaXI35CFExeNdW,Sid atore n h thir idectie
84F4pQlOAx0inqOB,Exer: Adm^:s and assignes suall and will at theres owr
mGTRDrmajCe0zMZp,in witnss whoreof e have hereunto sett my hand and seale datos this layt
46aveAzBcTIZh2ln,Koerant artnise ana Eraert to anors st thr Raras iitaim
3dpVczCoInW3XdiG,Echioven Thomeis Battin of th Island of Boba do gant of the ome pte and eter deegy of
lvQwexfEZW8L3WCS,fote in Lought or thirty ffoote in beeadth as aforesaid nolle
yZ3MOApVC6tMg4Zj,alsed Serranese sor aaernars cofertthewr theires eing asssgnes and ever of thom
JTzxxb8PFHq9y82J,Westavard and^ Gnrtat d ~ye sayd fomr shargiles
OLNzhhW11ECHuZrx,ese eas alese presem
KhbOx2PBUYnY5ULP,the hnd to bacs ti t presid asignes fon Evers teesindts
ZdWqtrewB211XyRp,"te in the geare of oar Lord, one thersa"
meHIC2X90lFF3K8A,aerfer Jon es bpr beng the tarenby or th
U7LSnA46aSv9MBlS,Anercen his heires and Assignes by these presents That
EZnmQEEEnglyJOOI,inconeederacons of to thous and pounds of betton and to fpicee to thero
LgcnVmASIXkMynwn,thur tertin my haires excutors or asignes or anly of my meanes asseond
7kbhj3OMwnfJ6uab,its hars appearet before me voinesitts sanisart ance
XZC2JW76PJyswv1x,"whasover had, mate, Comdsed, Sufered or dome byme the sane"
lgDYH0XMt2aQRyNX,snae affixed and auered willpainity appears
bz85EFygPcBWOUx0,Abedssynes & ylt oees nto cern eorce ofuses aporesde agt ftr: wag
8whDhLDjVvelPn36,ano ther the Casised ossland t ptinewars of ineer oerloos to asss
vW4yrW81Aq1fEbVI,and neere the meixchappet part of o^es land to beatove the clessand fart betern altingorterdy
aEiaeNC2bJsiIEq1,Jele enfesff alsen & confirme ite hm the sd Manfor
NNgWeQWHXFYDmsQF,of Janelane bote and mn the dsesccenth yeare of the ssigne of our tover asoe
yhmnCe5QIstqLdU9,any thang heren contignea to the contran nstetestandings Laslie the
VFyiB2nMn0sURmAl,seale and aomy Dede to deterr And one attorey or moe under him to make
asALbOgCqNQvmG1O,Haccutlsde aon bepraaat tien ticheass it thall and may
xKtIOnYzb5Kb44eA,Exerats:^s ahorarstyspta Mseignes satry
09u7wY7A3tC57meP,cich for tes papnenseose fu hidres pound Sor:e bath
QEbyZCRRweBNShpK,Msitnn servants sager gocs chacnciss delsts aise premusses and
wTYMo71CDDwz5LgN,apse sagesines se the dd isteas accies of sanod a naise holes occirfile &
xDeAtzW0QHigXTa1,Lare fonn Paige the same pemiscers to the sard ohn
AMiKyBlFOIS6P7lJ,to delver therewith mynetene tirkey hemis and one trutey hasas cocke tanm nowes
JkqH3MB9n7IWUSmT,prarnt banpain nest atsen tonfester asenres and avnsarion he
Wd1XX89oQ8UkE8n9,Esed und delveree in the prsencesof us
Oe6rOAaBAVVLyhUb,annd assolite apsureing Suremateing an coupegng s the pprifes with sherd
5lNKtzJ1atsnBYLM,a the bepore argained premeses eveny pert and occll thereof to nm the sais Thomes Jorasen wet
h7fwVXHgOy1jnewp,s he f se t anes ths rnd and
Vi5E9Eb8QiBdVtKD,"yoa of England Scosland, ffronce, and Gresand Kinge"
S7gyRUzJUr2AtYSI,ees ed s toh d met
OMxuf8T4JqUiA5Ns,Govanaest Alsl pririaes to atifes conprses & blas alloas trit alt anth Evhatsoeven paye
Wt1rQEyS4dTLq0Jn,witter my hand and seate this 20 t of AEngist Jano koms 1omy
o5qhInNVMTWw9vOE,miaes s tseges r salitnetly in the sslad
F1fisvUwngkS135M,to revoake otheers inthere roomes ts reth anor dispute aind all and
fKUyLnLuCJFwZldE,appearid in the Secrtarys offiee of this Island before mre ickards
yyNLgR7PiUIu92Vz,Rirt Kit Sheelmen by these presents hatI
prAAbCuy8KMMqsL4,Arg aiinis: wtadees roer yse begineng of es toserd tente ttare prent:
MoYaJxmA4JBzpkTV,irerehan geary acts iher hancrs aad neares te amy and teare unstabove wrattees
Ot8ighVGEtTLPbbr,newete ugisee wte haes ss ads be nri fhom
zZTlJHYkBeDnqSyc,of Land Gemige an df oredeed ande irerupse of Law de
zdpPXdraMXUYnrAR,trte In. d Richards to be givton for the usa of Wary ance
wuRkfzR3QxaXvIC7,tieins werong feitle atiignes andineaseo ocapesment to comprane oo
QTgEFV12KmioGiZ8,arrs aresibretees ixpatooever hretes nrace i cmniiitee by ure hess guith manisies
ZMZG2thADps1DH8O,o exrissnsls ats atess of Atsiiins stawstpash his heires & asslnices he
MARpbsrGn42YAdJX,thes homes thereon brilt with all other profitts and priledfes theremto
xC9unHtYG4OegfuT,Segnd Seald and delnd m ther pranof
T72grVtaadVUrcYC,feree Siicrs itsporeire of hernertineill the or sorsensy aetres
fcbzOM6P0CEsdaMS,Toheeiastase ts as a arthemesoeyed ev at
d00R3BVGH2lGxRSc,an mercer ofaccone tnis troubles and demanas wtswtier w^es fhie said
tfy2VxeJwOVqIpLB,To Hiltt and so Hots the said piffy foere acres shafe of land
hsUdV4mHZGspYyBS,sigoed seatee and dediereaim the prsenceof signe thom: ratados
xobu7g1TPvYjics6,said Jom seafes and Thomas Sarce dorey vertis hereof bunde ns oue heies exers ad anotrs
m7jZdNjlu3rxcZJ8,asond the ffimnses shall and wll for onst Warrant & Scfond
bKIWV7uLhMJfCWtF,Hilliens Jordac or theer aissigeerer ie this istereos al riipsor tohe
HXKmWxKBFOLZlZ84,and aitnowledged the witin hd of tate soy
A9BGBZ47Ix0I1Vrn,ss nithd Lnt tcafelte thes hsae brod Eetn
wmuwMPbXtkwN0ZCN,and consideracons in thereunto moseing buntmos espreratly
vQRJKG75DR70mdFX,Sronseth anidins mnason Hissearnes and oxor uigts granst
sd5J9jmgaeEfSChM,"Ematete pohts Tsshasee a d ses eneys, talson"
XJDQgQ2vWHqeYxBP,mearnces as Enoclfe niguttes annloch dre te peitue ssese theeres wreeee
B3UyggEWDRj1Mrka,Hland afomses fontand ing ay resins tho Ensatyteseof
c3uXzbmQU7xzCM13,me Thomas De ttackter: notary & Sabellion tublick dwellinge in the sit
wtkDIlWbCZNDLKSB,aknowledged decared and oblaged hunseife in the penertty of twoo unndred
PzcdUej0BA3s2yO0,conpaieing by E pration Semventy olores or there abonts be
WlJbvcpqvxoJVHlG,whiise haegents wvtrich he hattr good agnt full s one t
cgMBwUYuBMGhy5Km,naege ttten t theaes geresente thef & beleverd
Xll82lhMavpn7OPQ,ant as mmestrators in the penall some of sestetene thomsand formmds
UzW3AQiMiwbJZfV3,peonbrs ofeottoe heine acres of sands joyneingets the hoises barreoset
HynOjJeaR6QFQVWa,"Said Spomas phelys, hess pdcssd esin y bsents"
uB2ArhRHDFxHWc4U,aresarreanes wfner my asforanaie mercoce nr tee tasdtite ocolsgaiorg as
Fypu9Ug43sGDqL2E,pponit gs saes gre e ne wheser oh hid Ringn
uA9wHIaS1qpsfzRV,infullen with the profits that may or shall hereafter anse ohave and to houbd
dtU3kxkIRryuG7bB,Whempas of tre hengt o theinein galtin
95g5q6tMtlKBR4uZ,Herncks all that tyme Go of thi Island of Barbados datedt the 1^h Lay
jr1bvyOI1kKMylMh,Island Gent his heires exers admists and assignes all that my plantacon Gyeinge
oFqvYwXcX4Jr5j2S,tereunto sett my hand and seale the acond dey of Hovembeor in the reghitentf
Ng60Uy50i5tre9bA,for thomse tieyeds Toder tdm^s and assigner doth Tomeren
t7ze61PEy9EMQlKT,oee lawchereunto settour hands en dccales the twentgete dey of paneasf
x57Y3c5wnRpQgwXJ,wrsones anes aac mabbes waths llfises tha Stoolyy o banisatin to
9kaj4aq28JFf4b1o,lyer ased being mofe ssich of Ireisne wisin the sslato
xKgBgXhGBnIxvJJf,Juty 1647 Isigh: W^m Holewarth of ye Island of Barbados Gent sand
spyui2W5StcwwoSW,"hertipeate from th John Napcott Dureegos tote appeace, Gsing"
SsUMZI4AqEJBY46G,pary or cause to be payeds um to the aboresaid Lon fod en hais heires
DuhMyELYl4KAbvHB,preety rse as ctcierd t ho p the
w0j0C7Ieb77xuPHQ,to the ee oformence ts be made and done ithe aforesaid Hmmphrey
EptOJOXudVpa0Ul3,"the ge doned asene ti ps, basn ssand seeefves theiss"
LDnOCjvpYaohuIry,offt the orses Es thiesos hs isi semand in cofide
b4Yi2rwLsdGwYMOo,"Intrey C^r day offet as a lad hars an te prostent, sa"
YmeS19PzytE3K1xO,& res the sais Alisers obilsiae loreeetieg he ftaired hite
MErPDRSPQ37vOo3M,eieeatier fres teires aatiss ane Aaenintescrawerts
SvXxXpqawYbRH81M,Somigne Losd Charles the econce by the grase of todt of tingland
f8wxH47w7Ko3L5Qk,"aned paise, aane io the seaccon & bivontith yeee"
O0zeLKdBQ9ipsq2u,wsoerer haveing or cxaiiinge by frone or ander us or thegse or eng ofthem iwiiest
f87j9oDxpalJ6rKC,"prnviledges, pro x-o to tre taraog:mmenetree thereunto"
dOvrIxC7shEi4Veu,sd Edwd: Dawnes his heires Ex^rs ad^rs & ass for ever & his y theer one
JPSW8dfhKxaNl2D4,year of our Lord 16yd and the other thousand to be paid the last of
sMvBhRj91emEFpay,interest dcfaillt forfertacre or pourent nd doe shal ane uth wriratnt
jwGaXRpdR1vBMVaB,To have and to hould the aforesd Land and every pte and pcell thereof withall
E8IcGwz3RXlDhSHD,tnto thesaid John dane and goanst ildefoose andrther of theis and to the oeverets
EssFfWBpNjUGlprX,Articles oof agreemt had made conclnded and agreed sit pon the furst day of ta
xYBEndn3b8WRBrqO,and tiorloe pounds stuling oo the atim in reretrantabl tous rern
hMiHsvUxZS3ixKEe,mmdss thee vaiese of one himsred tiventy aee fire pors serlinge oeroilet
hYJVlMLgjA8N25Mr,To Alt Christe an pnsple to whom thases presents shall cois
anS5Lharwi8c4nBc,exers and an mustis an the peenall sormofoise thous and pomds of the
TIp0Jzc6m8LdnBFs,aeere m mrs itiam Sacis
kgD4Y6cFo6aOoSoD,wnereof we have hereunto sett our hands and seales this 15 of hovemver 16b&
XLMb1ZcLXoEIeqRB,sa pties to take copies ont of ye same at their oe any of the
1V65QKQ1bg5tc4vB,ans ofte be yres aod Lusisn aan for Ever y
nGqi7w4e4pxskC1I,Noaltlegt siis parte Ane ceaigns gmt erey tetthe: onte asetees
carfcUWJrCMZhox4,of this Island bifove me ich and: fote Deperty Srorstany of the
F155sXZoMZwoOmNq,wy alet hately purdased apurtacer of hndsed and foreseose sceres fthe andeof hof
Xtv1ilExMqiyFoZi,an arin se teeneny pr y parl
NxZR8SZ84em54Dff,Ersdiet thies xtores faisss prouistss Esiplet cllings hitse hisese Gted byaasears Tolos
iXSdabgmiCH8MkIQ,and Algemes of tthe se phntron to thersd Estater
JgIMncrZ5zQhy8pJ,Wills my heiss Execentors & Rom^ or any other prons or
wNVbgE3CNeujOtr0,tn intent to obseroe & pforme all and sinquar the prmisses
xK7qkeNpFKWm6gnW,ant thot out of any parte percele or portion aper-
zFGrjXDghqFFoO8i,att thee aforesaid fart of hondon the danges of the evemie onelyestecpteof into
bULwSPh7raudVeJg,and Eie bid Datiletion alid tolet deafrs ois onr
9X8C7jkXPHLi70aY,bitsoo fe foraver te good seon acfnlt Sryffrent and Absofuts andt
WbtlTp3iF2uHIJf3,"ever, Al that dcell of & and or prrities Situcks Lyeinge"
4C5nfv7pNhfZqYMI,and Thomas Wnarnoch of the s poland pranters all that ome plantacon
rojv5zQifUyH9RN3,wwdge and for thetiue fformance of the premisses we bnde our selves ons estaler
P8ovS8revI48MWlN,by oneones whereo the said alrandor Amrmgham his Eexcutors
nDGewLeuFMdJLtxG,Last past the said uppiarer sntt sacla wite hii said shpre t
0sDkBsN6dSH5jD1P,Aroigtres ageinge i the painithof SrJames with abr othirstocfe that wasaist
bel2sZw2Dg9If6xJ,Ea prestcil Rrd in onsasraniore ofas baltnabls
rpoCRbEWQYS1pyEf,of Gise haser ^s ther : bas^s the said Geace
c00t1LtFJVDobYaj,td Geods ineedeshan sese to sise arreet akects teste teghrester inmricon areed
JRIKEEJ2kGdzqFLy,Anmo Der Wry Tohave and tohold to the said hrs heres and assignes forever
3332BLdf2qNC6ffb,& imfallen Seituateng & lying i ye pteh of et tises
gCzrW8fFkBHcIaHg,Sand in delted unto Goris Hart of the said Ilands Esq the whole ad
kfKbYWoscroIskXD,sett muto the haie Lanmners thare seaveer acres and e harfe of land prorg os letse witt
hvNUrsBpooNMKWr7,writinge of and concerning all and einfulard their bands servants goods
Ry5cShMNVLhX06VB,dess taste the se to pay charge
UcMlIrzDkU0adDmr,Jo allest pisse Sopte tto hiamn ihris sreents thall cdme o wopt
gF6UADzi73k24Ccj,teees ae re ofste les hm tr sepes
5kFsAkg2nntxK4Tw,good Aight trer abtess gwg cs Anchorty or to
ZM8Okq7otX3owqHz,Calfeild to the aforesd Rictard Inrmbly his heires
zyowBuT1sfH7bkO2,irtle hettlrs to sables rees are berretre0300
2MVN1Ufx3mdqruda,to him his neires iprencors adminis naores an Asesigoes
UdE5CPd1tOOxv9nb,Eertea n e as htrt a its n
M3M3coC6hSMhjCwM,bife sad tiansts apmss Syeta t atl saes ars sais prieitedy d inbityge
UVu6wa0r5HN6jSzC,gent for devers good causes and cousideradores mee therento moveinge Have and
gWy110rXUX1cmt8n,Knowe all men by theis psents that I William Morgan of the Island
qFflqzmowPOfvCWg,af som coument store thowe neare the seaside by him the said Mathas
gkLUCeNJIrcX1JM4,aff tesechardtbse and peage des Eptthi er aiall a duss
p7LcigY2ONyXkb4F,mrereall gereue orbe or therens any wayes applegne or belonge It bgineg frely
lQYcAI95P6ksmkom,wareeste hricis aner ater pratt anas pareacl piittsseon tsp
S7OuVZxAFBMuM6DN,"Eeergess, and Jots Scley Sogocother with als and sicgerese&-"
Zisd4xdC04UA61qQ,uperd James theinton west upord Richare Willis and cast upon samueb
BrJqikL2qavDT7jc,mn owne asermie as formerly& doe without any erouble the w^o wilts and snely to be
tPl5jCAo2Oty09bg,Ahd ie asioie bargeins ac pimassee aitt Ihy slweth aptrtastes acaree
vQV7HWC7pm7NVUnc,come did fom the day bee puatly paid or settifed by them the s aid
DcZFPjycVkDuEUGM,i
EgWN17YT5B7hRLLO,oor ever witnors any lett hrouees morestetion or onerimtrence
KVXXFJGhKhrXI0xI,ano pichand t anedey for the tenme they have to sve from the care of the das bereof
tYrLdwGetDCcdx1s,teplantacn w^rs the soid Rortaes have sotely bonghtf thes aid Jom Wietheral and
q9RT7SzsIss2KqgW,have mterchangeably sett thi hands and scales the dayend yare aast
SM20g2b4LTyOgKWz,or tres where of I hrave heresto put my thand and
tWpSZxUWaKr15ux9,fisensedacs toid esl ppeinesed aidscoree Lanefully
C4SFhbOMZpTktJaJ,sendeth greting in our dood God Evertating Knows ye that I thesaid sand thirte fo arahatly
K5v8nXaRCkE7UEiH,"anrs erabses wits frrames, six Joynt steoles, two Irom Dotts"
96an7m9VhVWE6pSM,of St dneeyes pranter sandeth greeting in ous Lord God Eerdasting snowe ye that I the
x74YInHwfZBouFHe,Mrtyage or dithaged f tsieen for or byreason
qXad4owzobm56kGj,years of the Saigne of our coverengt Lord tharles the ferend bor thi
LC7t48fA0my4wBSc,ot ttes Island of Barbod osterfon me Richard hote Dnftty Tontary
LndYcx3ileRtqkP3,land more or less and yye dwelling hortse
FPk3HElE5yaQ8evo,of the fousad come I bnde the plantacon and all mareonger hereunto
F2FIZaM4FpnLQEDA,thousanes 4^ts of wellctered cotton promttee filth and stones for the hade paemt
PkrWMEQ7lyuvW4De,Axpaeo Ith isn ntos thasnishells Tohard sic
LdjuD4SiwkdrxAO6,porsenatly appcated in thn prercargs Effie of tlis scland of Bartad s berfimes
GO49cIVF8M8RNgVN,Td easoy stcereases hes preores Exor tstesre ot asse Teils prlaccels
KcoMDN6MD66RRH3n,woe o seros waaiesarovor aigentes tee argeses teateatersss tprtd
wve2Vi6zOVEPBqOq,ynatherces aniers Adalrey Nil aeneaer anal apnt
byHetRR2JOtZKNOh,fhem or any of them :or agaiset ing et bten
kr0ZKsTx1hbtAOiu,susne berergenee or os nhlse arpetetning To tane & to treusd ttho
B1dcrNbk7frssf8Z,or in any mranneer of wise appertaining wik thne servants
whkHkDARnBtpf2uN,atts ratty oy Ove Chmssanad Toams amns toroingts alreciaed Id prane anr
3X0isDj12J76Apn0,belonginge or i any woyse appertaminge to the said plantacon witheatt the
d8woPeX9PcWb8pm1,pantes sendeth grestinge uo or Lod Godwerastinge tnow yee that d tie said Johnnare for and
vcsN16Cl5pzANsRz,Sitgnre a beared and debisteree in prsinceo
JP9S0Ib3ZtMFcqAr,S sf the Chrich of
qxkpFI6XYantynZm,managn dfor said at ire before the lase day oy
WEXnPXndNLdYcPTc,and Assignesfor diversoas conatarrations
la9kpwecjZx5PZvw,to auguett and rulesa unts the said Edware radtosoar he tims
JPuVzWwX0l2F2fvw,tis heirg Eprentors Rdrninats ators praver be thier purants te sth yavind
wm4M9eIcloIsJCAf,nithele Cbitis shes i agratinerae tuint ther an iiso
IdQSTJXDxzO9pqVs,Wser thn same and fore the eof an
GG9HzzxNtIeSIjDl,thesaid to pillipe Banteclde is now at the- tire
cXLEK9Fv9XyGTYql,asftns pithes it he be and beayth dasyeton
zPZ7BDPjBs8fGCNp,by te ason f the said tecptest and Starme
5wRYTvMOk7GSNFrI,withont the lett hindiance or molestacon of mne the ge se
TaobNW5htpVBWpNf,& Gamneelnties to the saettesetess h halfes pte belenging or shetcusions slar
QnEyR9t7ukOUcV7J,&pnserctnas cables cobrccoe etimane s inowles to berteltes an brely pacts by Joh
QwEzG6p674ihbkfK,&e tes arees othens aeraeesor tisonts b rcae on ander me wis tes nonly s aes
GFTUj76mYVZJ0w2H,Ay this prublic ac and nstnomnt of protest beit trun
sTq6GUVj8pFpOmCK,perchaxed Lod mimnser seitnate lyeinges and beinge in the fith of
dRrZWgFiIjaEAkmG,fhe byand appiorer or any other persons ther tecoond t
OhHtHgXOMEoQCt0h,periseinssons or ocanpation of tp. Henery Sasnfs srs: Anatoetts Gnsther
93EADwftMCwmtfeu,&nrrasnso valogin To hare ane to hold prepottion of ur
ZzumkDpuSQTvZhsN,phale Eine geeatiny ree Richard Msrise & Setrys Moeics
XSLlriCKpqyIRi2P,Gearteiestitths uteeme ectes or thereabecites
WvmfZUU5ghjpQwKb,Brseigned coneraing the ionplice & salfe ptes ofa planteragors
k04ROPaoST3scpdh,thavel hereunto sett myhand and seale this tenth day of Angunst sewo
bzKsaN1ybaouBjq2,aaymesnty any lraccfuull rriynt ttte or invecest unte asg of the premsdes
VuCtBKzWAaW8zd9A,of oll harties and aingfill fooles thereunto belorginge and i thrd fert
6fQCFBATBvdwlQEP,prettatatesd sl thel Od Rispraane res ernees ov acitlgieses att sewse
d4ns4lm1Ak7QVic2,Know all men by theise porsents that I Johniar of the Island of
HPq1KE5sLNCNMduk,corsor antrd and grantidt ay and on are part of the said Ralph
bzXoCxEKgPtvjZOf,Aaid Nattaness saiteey of the sd Island set of the other fte asted this
aJcHi1bpNhDdOWZl,64or thr Yearr an ordr dre ore thousane 21x hesncoras ana Eattry
XF8jrspPCTA8suye,fa sen an nares e d ndunea
iiqix4WFECXlDDqx,ffhe Said Hill of th wn byi o tes mns at and singuer
cqrUsf5t5rViN7qX,Sid Issand of Barbaces Custing and bom eng upon the Lam
XKqPnXKANObF4OIs,Toall Cwristian geople to whome this prsant wnting shall comeg ths Thomas Wattains and
LIj60i6RTUACoRZg,Apteggnt pigis aae prmids of merenatable eattoo wevole as is
3eaUaVZv36NejLO9,theis ents Ar testimesny wtereofe hayne treceunts sett my herd teeales
PYzSjJ0f0nCkhW63,Surtnce cepttance ans senefitt ator wry assignses an preccecatoror and
gJPJgkjtYXyyh7q4,Ais siguse heperesente th as herinn of apar
I4xHG6r1kq608E9Z,his herrto exere admotrs or asgnes and that the said thamas Datson his heres exersades
p1O7n8ORK56SStmh,pr Crnold Seartillcor ar his order en tre copsair of wtuch is on the
S53fuvLquZQdhhNi,tobaccor ow on the plarctacon an wfalts iven tobaccoe thot hee may
lWzMjuY8xKyzt2Cl,knowe all men by theise peetants that thomas banghan of Carbaders
61Vv8PJSurRjgRG2,to hole the megetie or halfes ftes of ih plantacgn t appienances as
RKApfojrRdQ3U7rL,Eersdo fee mas and Mary hns otifs Choie heires o
xbJeM5Taa11W0vAX,heyhes Execeast ^ am^e doh by thesedsents roverant prant
bBErv8GtFUzd8LtZ,the asoree af she sgnts cloe bind ane an heires Ex^tes & asaiignes bgetter
aHHKXXKfhqhzZabL,ufeors orleeroniinty &r apfesiusting inte the s Plautacon Called thy
E1wABUuaPveIUGB8,aecnarged on othereoise toy me the sach Wilsa nittne eckew
MlTFN8fO0YtwAaJp,w^tsowvet withont amy manes of lett molestacon regacon sute or hoube of mee
Nu4Q7knmgrpkrfO5,five scres of Land on there aseots b ss nm
XlZDXyB9uqWUIOsi,Resf toth sinde my Setfe my heires Exee: and
lztinz3lU1tvZGIU,wsiliam: thenes hys heses sad lyeove asmee my
8JsU2knnbYaIcxz9,Sosees atttd waleeatle Earisaencoie it hlicleseth tevieeesty
91YboKqXO5x31xGT,"conpany as afore saids, fon on ty reasent Is ths prcisses th"
jQR1TLHRrZMX5po0,Jay iaerarien hee certifie to all hohenee at marg lorccnes sthat fritlle
X3bkLvY2EmYHag44,afrresaid Haron gorner and to his herres for e
5WAeibYKkJf0SPuE,anits oitlayne ore astarne on mare at preent asaie to revoane
rV8GXHtNW851QNUD,the said Coltiton and himseff did Ansroer that for the other tships
Q5MDWH6FUhnFT50u,due to the To4^r Lond & Kprctor^ Chereh and all other incomorances
wuKrklKH8gQmp47P,"prdeins , enenien t Mrlnse o pehis Matict aon that"
50AjyoFDLl4VZW7C,ofenree feomn edivare Chembers ame 1^ Lovtr and thicharo soi
Ufx0vlhzz9Dr1yS2,To all Xpanpeople to whome theis prsents shall come dotte sand ersn of the Ioland
92dvXjaOx6U5ovmX,tead & te tareavnes toldip hor drvers trons eauises
JKn32AwiMqr9EXhA,enigular ye above witten articles and grants Iyfe said Huge Imythe
Y5Ij44OZzZD6gly4,aaid. Pansee toeores herires hrereunto set tey aed anc Elbl
EcUKaAQQEBgIpXDy,Witners my hand and reate this M^th day of November 1644p
mAMn0hOJbyk4caY8,hes Alleeey thal appoynt at or befere ye the ferst day of
Mxl7fgXVOU8RurZl,poseethpber sntine tecess tne roda
6k7RFhfQDZ5vNUx2,hiases precessites dett stirn prancle & ealg te Gse elry of bitrl: thts at Hgs
UUOrjjW6mfNyrzoc,ase ilt that Nantacon hecon o noe leive beiry therty ackers of cand
y8N8iJvvbCrnv01b,stt islce by scchs olleir asaies mritenets b nese Eseres hetiees
zjv8CFlfbSGFlDs9,n ascy agis essert eousent
TyhaJf0smxyYfsd6,enfeoffiee Nclease and confirm to the said fohns suller and this heres
267xSV848jfudVh1,Aegires he the of hen tan rarerd bitog s ttte ueaie oice Aniataas Abe
TSyFzpjPSa5W3X4g,Mt Geoge sttetian his heires and astignesforeset reely and clccrey acquitted and cishongee of and
tSM9lPVyXSYQQfXD,unto John Wave his heires executors administrators or asignes the fill and
eP32fNMGyDLJ9YV5,Jfime or ane otter pson or prsons wtsoves byeing ane right or anterest by my mane
Y8deQOzxGZVRk8bj,Eoreed and by thiete pots dsegie grant beargant andan unto thee sova om Arigeretwenty
YxzUYU3dJmlc4cqW,unto the p^r Coapton Jofm cay his heires executors hministraiors o
QDlaQ1nj5UrHMm1X,of ethict Isieker shatt sed may have pould
RPc1kN6KdWZor7IP,as aforesaid an ups all an singuier ye prrofitts beerefitts
Qoavw1O9ZsJHxSgc,the proper use uses behoope and behoofes of them the said Rece Evans and Andrew
FdDiiIInrXf9noZw,or Ealates in time and place as of meght sbratl appertaine
qegJddv7pE6wM8Q9,aeate and detver as his act and deede to the ise of the said wharles fermmer
tslVmAqFNkWeqLMa,Eocerasee and discharged of ann from ar and alls
XTMKfAR66xcIhemA,Thay pay or caused ts br paid unto Bon Woableaon Bulson
QxeGPva2A0FgB9xO,aeguitsed and escharge of and rot all form bargaines sarss quifte grantes hxases eeymente
YWBu0r3ZTIOOCdQ4,ngar: tthenfore I the said Defuety Secritary aid al the rgriats
m2d8euocmdZtsaCC,sor ovanot tor arards bten orpotte and oor thee ftear of tftess and w antr f
iNQk10SMt207jQJA,Ectobere in the Six and teentye th ye ared of he
bCxApn8uSo635uO6,marme o lvirses binleings ans altothes neeittaryes iketooiver beriige
6m3Ri8ABcOR66QWa,land with the premisses and appurtenances beforr reneaised
jRkUTPWafU4Fxtx8,nre betooe ane beneuitt of the eignt heires o the soane
ob5ZXrdZEHwXLokg,wasry of the parich of S Jumes und in the Islend Babados send greeting in ous nod
IPQmeLjgUnrlqKgi,of the Islund of Barbados sendeth greetingermn our Lord Godteeh astinge
8mRK9ax0xbt5tG03,tobacd or cotton wosts of the grewth of the conmitne for the accomptand
4ccjZtxOoLP4oe9p,Bey ftesarate am ters Jear aferes said ast hss and Mthecer tanto tes erctags
p3z0Sr145GIjhw3T,datenery of thes sealh of satte ny famess Bouremen ane treulos his
71F0nYA4vgfGLo7K,16444. Toall Christian peopte to unom there psents shall come I dames
k1SCciAzaq615v01,prsore or feiies leessfitly clayinlang or pitereiit asy aligtat etle or
xPtq8xoqvUeryPB5,oe sond of Boothy Symonets and yfe resitne being one tineliree
89UreCyXmYXrTjx2,ans mrcinterences rohetsoever have mace or evmytse by the seie brencis
2kvASFsQ8z0WJcDf,to neue any right tete or interest unto the said plantacon tr nmy gartoreel thereof from bey
VUtgnHpAF9djTrfc,perg ances sales griftes grentes leases igayements jidgements andenapnacsis expecencon
O0ewj05Inff7XKDF,Grnstatien rens taddegd nsroe ffced
0j0Omdm1ZwGkfEZ9,wrnd Wessian soa i rered and fouthwardn
1xJ0jy0bGl2vl8QA,blaced acrdd poli Sawtengy pcibtiges i the s and Islann ten pasain
6BElc1hlNwMb528p,To all X pian Leople to whom taris pearts shatl cme thomas sones of y ses
PvlYs1Sdbp1nSc4Y,severie said John Modey and ye land and ground
CaQD4WWgjFGFXMAp,"betidals, ao Ecandross sast to h sitheds if petid"
axaewbJhjsCmOL6W,terof have herennes set my hand and seoile the frst ely f teoer and
x90svubQdvsLcGVU,Soc elastiige Mnrone oye uste thes sd sohn teldon tor & ir
wWHi8HVh1LdljeCV,pils adossis himm ts prace the said sum of segar t the accorent of
GhEQNrYfwYfwlyZm,enmed of two thousand eight hrm dred pounds of good sound mrchantabole
eHWKHYBnTAV6f3o3,iarhartantnnt aacnddsanisnsttich hee hrt heires
AZq2KE7nCHcupr2j,isasi hisin se osser
hJhJW9ceZH2VErDk,fails and ent yat ets Ensefay ent the ges In
PyJG3m26kDxU3plE,Tall Christian people to whamd this Indented seide shall come I Nobat
KfxX21HVqoqRw5yw,upon a tedes forte tya te tndr of I ohor: Barker Joh
9pYK25InuJ8trAhF,Carpenter ford in consideracen of the sume of seaven thousand pounds
04knp9flvyFFiwa0,o nsire fera an tsed eise as: oh Esine Ie fo wra timn
NpNvpK8OY841fby2,Costerand al other the prrisss chatsoever he
McMPbPmNRxXEiH5y,Eecnt:s administrat:^s and asignes for en
ygD9G2AXJU3H5aa6,asdd tthe Gaclee to caises to bee appertsel & dilivred to k Blexrs Lencasaes
hPJfm9NIKWd9KHmW,arten 1h^e die to altetfirsrn ploptes to detones heses pats o hall cemes irerettiat
9wEO2JnAdL8fr5NJ,senord Wray and leward of the plantacon thatiwbas tately i the possestov
aa5C6EJqlGsxxDBg,s s ir s ei si ns sbs the hd partyes
mOtmO4v3tN5DHFkM,whont ye molestation interruption or let of any greorson
vMWvwmMr7xZdBQKH,Sen os hi ns essaid e te esiians or tt
VpWVquLTlmlZxSHd,Alreians anchas hars uaes its aetue iares therein
9zGmuWzUwiSRgvA5,conmeades of the stipp seane and Evranit of nonaon and teft in thee bemess
3kBqy9NFNwc2UIdY,"Nichele & Nisholas, wt the Suranemnt ad iam e"
HaNZMnCexgNoe7C1,& veiitytth ye are of the bild te ofour coneigne ord Chally
hgBDKwUskH95Vnk4,carnd orgoigan preinses with thee appurteutds i mener andferte afore
0zQO0roVQTpwAjmL,Niillips the receiptet henof Ioe byy te
tiUBVkbrdGwjbzYp,mnen ser sonsert ihcaie caltiard gea that Ithe:
ztfusDgu0umgnUlx,pounds aterteng or trad an to gere tio good titts of enchainge for his
Z2YeH6FM9SOcyvaB,ixredgees Sicsasdapeentnansina Robeof Wact on signe desiverst
zOllOQBzbVN4mCLB,Ints 13^o die To all Christian people to whoms these pnts shall come I thes toc sand oth
R1R4jXmZHuKv7Whq,Iis blll biarcete me Serdinannte syton of the asland Barbades plateres.
EhXbwiKGRCFaCPsw,of thiese Indentires the said Thomas Nothersall hes eand and
3cCqw30fC3hXZpnZ,aarg grons the sases Wt wheston wicths ories derey tii estitrs admnarss or assignes tie
p4AWTixUU2HBngt9,or chalbe pdnced of the said halfe plantacon unt porsid flead bis
zzoraqZgNC3Vqq6D,Hegrer Coowerane aid axegit to and gith the sais preed
w0jVvKm71xDbQF28,so ald Chustaess rcofile te ttiaine hises firseert
iCxG2N8uxfRAGCq4,heires exeertors antk adoentstrators pte grante bargaine ack enpewtffe ano
QKjjvTPSroFSAmAz,Sn or hes ian d idtin to b theree
s5BSxg18G7rEGYGF,agurement made wott the sais rearen int
lmKF8UlPsbtk4l0z,att o ther Mortgages sales titles & mcutences: wtacevr:ye danger of ye
LZdnEzqCrDBV6LhQ,ffies Jances an as ftl & bresede aannss ts all nsaertes of
E99qKJJ450VvOQuH,hseettinge are tenctoen hy the Authoisishe of theitsigs atbitl astiittse
bguXqgoHkCT77oJA,"herres Ex^ cdwase and abgies Giten, rane edsitrgen"
aIaPtN8jM2nTkW18,cayd Mrar ee decloneh shat whed shee herein hatt
JxhWrKoZB2JX0NNR,Euten 24 tie Hest afiitu fofe to wtion this presentes tnall conees Cafn cnces Iutterof ths
nGCj2sVLZZpEMENc,wris presenres aeeds to be woies ne o none efser
81BwtDeNXl5FP28d,"tfedy the dos Iaffered or fastaimes, fo"
5zUiX3v8kzYailhB,hdces r fts tenaile of heargs t bwds Execurse ooy itres aseet tr
8UU69ZKin3dZPsuZ,csnias thicre sas peverall totills tagos anto wlacee exnaore ane pactverai
dqUeRw4uk9Y9HVY1,of the wtiole to oolecs and qiid up to hin the Sai Jame
rFOlvGEGs8Ptq3Ip,thresand fre hundred pounds of neat cotton woole und oound merchantabe
tlvXyybaLIYU2a43,to einarirs tes flatt firee feissen altc witare
uIxytW7in2bq8e4V,sand and all and oinguler the appurtenances to them the said I pucke
qaBDkdY41dVDHsnA,in thee Eity afeasdon or ales eshe in old Englaned Is Laras Jaristnst
WIPmsuiCWms8OBzB,hrousans prennes of dobaccoe and twehve hundred prounds of Cotton att the
gydfBzlTM5LO1SSC,Crticones of Egement condicored conciuded and agred by and beticane Josan hifurd
NFlInwg3R6jMxKl5,done wthey bytion the said Tho: Gn his exers or assignes or any other
JkxYplcXJVmRUe4W,an in ye consideration of eight thousane prounes of tovaces
Ku1KEvjfowOmf8Eu,Cuprsennoge te ye lantacen of hrstifher Revinson Mchant
bv0Yttr1F2SRg3oi,Tab: 1650 of ondon Exeeutor of thee last will and testament of my late fatter George
QWC54fWKNanGbnvh,Derneres whataoese of n or t ste sane prnisses o to amy
JgIamBHMnGOjw12i,psotn o baspriieenon ot born oront Inirmes uhereof s
zKJ1FjdxaBfs0QOM,Richard anting hir hises Exes asenrs assigeees for eon noves& the st foain teioe
2UVnaBeFJNnTlcAS,of land or thereaboutes with the fallas ground withall houses beuldngs
r0JLbq6affU05p1Y,Leins fh acs Sreeonsdh e cideses bonie tsent
lTtbV0hoi2SjSoti,sand Thomas Pertins his heires executts admistrs and assines forever wtont
QFruXUEofqXsTfwJ,of tege prousand pormcsof neaths dny and wetto eleered cotton woore as by
O7JgYo82YpaN5Ipg,"Ecogtied s alle ngranded,"
boIwO1S4a8vaWQy2,ane Enscsaged ofeaises rores alr per mverstes o ormes wherclise gres grannntes coase
dZ17WY0Xcmbrtp7y,Harison to have eretre huindred pounds of to bacco for thal & noe moe
ZR293TuA3pgAm1gk,of Egeeg lamd Saekland Tivancer and vrcland fm pcteseneter of the
x81dzDMUXLA7r3ve,Tthis os Daye epesereer gape Goti Soccidrs an
qt9O1OEhPQ5sAlF6,Ente 2oth arenort allmen byhise prto thate Rohert blarse of soebers conmander
hXTpyXCpVcmDVXgH,aaby one withof sale becereing the deteof ther puts more plamey winappeart
yqdCGD3V99ZT2Pd3,wteralas with he mnaiel oof Eils one hegree y
VrjkaBeRSJxScA4M,Aeputy Secutary of the said sallandd
K6cnTsJmYdJisfnc,"aid Issn Mlitler, Gis hoysi Beocutod admts md"
YtNexCLRXwxsB1l8,tthe oresaid estund mercheut and his assignes als my righs tytle and
nT1wzUkuESziedUO,W that Captation or fcll of Land whis
Zfz7mC4Xc4vRa8cs,Refiron in thee a domerabitys Covct af thes Sal and to pheacsres ttres as acnie
qmG0NU3DBdDsch3F,Inland tirrg digander of the yfaith &e: Btwnn Nalph St yat of te Islad
A8BmAGbwnFmHd1JX,Atl hristian Ecopte to whieme thesse presents shall come-
nGEi3hgi7bnGjULN,Wth to the siere sine part on parell of tin etin
b50NpKGzQBmTMZHt,ie sicand taporitie th day of Serbebor talse fuely to batfore leat ed and Ended
NnO9n9tGQKfsdizL,and the Ceises borcward Sely fonge him
UaH2buGIZLM3av2P,ar pr cisigaes boitmpeeryment abll and bud to bebd medd and
fET1V5dC4o1h4Ctr,of seot Jon Larrot with witt halfe the honeinge edfices
TWFPaotiv0QhT9MC,anc toentitn day of Sane wch strell be ne ye reale of Oare
QbfPBi3DldqyunDu,wtoosor oren the blaig of the toa ti this prsent dlry of ye cate hereof & for the tines pforce
47jW8wRTNWdUGqgL,tap thee it sha and mar hee lawfeitt to ano for the gait thopead
77RmdfGBXspipf0q,To M^r ors^r Cehampnes the sume of
kdnHqoVW4EvoBwSL,aritres aarte baraaitee tole ontat ret Astignre alaatres Enptire
fbEQtkTD2KVLbDDX,clayain or prsending any right o interest in or to the same and for the te
otu89P1T7LZTDROQ,asfiierennnces mtd she so harerences s becnbers hns peneeg f
n8XEtol1BK3TlWXr,as aid Apciss his Exes an serls is Eeee: Int Wittn
ucb9Nr82jS3PZgs8,Appcarer at thiss oaid Island a sefficet Loass mnt to frrotest on toer
x5ARX6FqdUyI5FYn,the pd Edgar ti the pish of East Muerufssed sin the Exintye
eDVxDAVagGc9HBTC,"Bges t ttite, the Enotid by the grace of"
jgYDa19VrCdh0lvT,To ald Chnatian pravpiter tis estome thiae pnsercts
3Dk4zfJ4KgaKwog7,Wate Hily Diane Ha Hater doth bags Sepee Rords
Kort7lsAi3QV3Egi,theopregisess menecehed aisesgigss Ensorpe prtesents asir tyes
PXvT71pCgiAV43HH,of the said sogge as allioes in behalse of the A ons
4Nxo6Yf4cRP2kQLE,wssues and proffitts thereof to the sole and proper ust ane
YpMnRwcHjsmUiyiu,d offe theas ied tnd aefe n d ntand Argrs
weYTuHo9lHeYGkAI,2tf teorss o lttignes and for the teie and real pformance hereof oo the saie Richare
09whcaiyaFCWkeqm,sipred sealed and delvered in the prsaiie
xSpdQhDtkzRG754T,Hoke that the sad M^m Gibkes shall quietye prorese the same dated the 2^th
3C4C4DCMxDcWPnKK,deth wrs hanes ad seales tre asi tin yeasse abroewitier
EIugZ0MoUwTSPJ0o,pomfids of neatecere cotton woolle In wittness phereof I have hereunto
qRMpzphjmbpZ0tDF,Intr 20^o die To all Christian people to whome theis prsents shall come tnowe
gOYJSj395B9Pg8YX,acgaits Exentsats and for Eam eiscsarge the said Johm Is
CFkGXDeu7yxMBQNx,& Rarislaentes prieee fttn thee asore prouses tccittfesres
gLNNqSwlMuV45WhF,Island planter aid byy his last wvell and testiment give and bequeath
xw32VniyWqFr3gPT,"babse, Cnsaenge h eady tersaide Sard"
3aYSNLHYAhAjjKLL,this prsents me shiclep hangfond of the Island of Corbedor gan my leires oxers and
UbVCn2VjAtt7WCXX,A tecty f in grst ant hsaveps thiss amna to toter ptose Hona
MfOXyvtmb9GRUYLO,that his Father is encintrevoddin the Cooctsact and ths rreor er avred an
W4WIYQeAgw3oR8Gf,other pesen on stns wlacevrs t thals or may ty frems o ineetase
C6FEuYkk6wKjbAf4,heuble findorance morestacon or ingeipcon of us the said Edward
QKn9CBlN1YCruqMn,thers or for the sd John Bansall toyether wittall moreable and mmor
fIqp2aZPgKlkbMxB,16914ard llssee oGeerd Pecacd thesbantules aptaccces be wettoes ta ftrevrrhs
uLvgq3LXWWcKSzCg,aes nesed Etaaepee p s Eapuis ngnes
LGWH5eGFnJECPVw9,and grant to and wth the said Sephen and Marmpduke theis heires
TJLr183kV4PB0zbp,and haffe Isent: ont of the Growth and prodace of the saide
zAi3DuPVbXgwkzRR,anore alr oeon that o astashaniet Waveniche poer nseideent rr
gm020mTcVuNewsgL,wntell the detst bepaid dateet M^s Maroh Nodo
4V3AP3xwNN8WLe89,Lis sttin wt sad d per on sssipeared-
v6FZInAPMcS9nbm5,Asgurd Cealed o aclcee in the perce of
joGrGDCxy50eY26N,nle haselseready for the benaye foresaid tom^n hepis
0l3c2sxZRuBVhg2W,mntlf the avoresete dclot bee suty eer cobleateny sares fie nrenely hy thecke prts
BC5OYCU8sPAjVaix,Phrarges ond ternian ds astassgnes trad onade corittedord onr tgy ths sand
4hOjvplv7gkfWPUX,Carttbertint Hittard Glay witnesses heveunts reenered
6Pc5iM8MQNzymob9,hgnee scutee a betuered in the presencees of
J8iJSvgJhRA8eOlY,Servants Goaues & other 1e prnisses soes iy trem thes sd Estorerages
Hgh822JOgta8v6fS,ffthes parish of St James witn the tsland of Boanbades
NuNdjR6DVMKarzmz,ee
0Ip4h2GlIRuAbvoK,and an hrsige tse saie snbroke aure ars aiestaars to asthe cimares
eS9OCLAp5mbOvaDW,o thesad tregntt ot Ledod and baquaited mn
4BBOF9VqEEPOiWdT,Wele bat theneinte fontten thad and sedd the teontin day of -
1OHly3m7k3zZCAVo,hrnding and adjoyneing to the sands of John do
c8ant67E0hpgWSFV,ase gue grant demise enfeoffe aleu and sele unto the abovesaid
PttjCGFp1VTuuqQ8,Sale Grame Within the lable is the names of the negroes
7Z59YexQt4SfHx0H,atetr antatole to baceoe n role plenty la teis pretices i uisrises
lpxZYmKZoWS6obO3,Eeles wertt aise brre exstois aanes atireaintyares wons ane
aicOndr7TSjo2iiT,oices & walres & foie hoieine satanb of cansals manty of Enrglaat an
vxtHLLTXcEflSL6M,or test: Cutings and boutndinge Este on Johnranery &f y^e ea
GPaHryMH0WFniKYD,test euan as by these preents do solent
dXgzN3LmX3lK76Cq,wpereof the said ed onisls tondall o ae ded toised
faEi3uSzRnTyTBVM,reffiaent dicharges and wreteings to make subseroe seale ame deliter yovess
C3DmIUVlStm8Gjer,"a and madie bath upes this Wes Exongelis, his seo"
XEDB0ULru2p17fr4,foreer the halfe of fourty acres of teim or thereabontes fallu and unfaber ad joyning int le
0YlIhXDJWxUljI7l,for e god andireleabl ondiniens me tereunt morenge hove gren
FUKD24ixh3HsSPdD,aheaesols: te gaines bbreetle oe aarg ses seansd Alsa lich iesnoses f
KCFpHxr8TzAjm9io,shnis bill o sare was this yth of aeptemver 1654 acknowredgee
gxjne7mp00zOWRnR,therisents belonging unto thon hes faie With ancell Gotewred and Elixabet tigmifes
